df_index,IssueId,Key,Authorkey,TimeCreated,TimeSpent
0,60120,CONBR-163,jesse.klaasse,2021-07-05T12:45:59.756+0200,900
1,60049,CONBR-162,JIRAUSER12417,2021-07-01T10:07:57.031+0200,900
2,59447,CONBR-160,sander.jongbloets,2021-06-30T16:48:33.768+0200,2700
3,59446,CONBR-159,sander.jongbloets,2021-07-02T15:54:40.058+0200,5400
4,59445,CONBR-158,JIRAUSER12417,2021-07-02T14:34:34.739+0200,9900
5,59445,CONBR-158,JIRAUSER12417,2021-07-04T17:12:53.736+0200,5400
6,59445,CONBR-158,sander.jongbloets,2021-07-05T16:14:06.921+0200,1800
7,59445,CONBR-158,sander.jongbloets,2021-07-06T11:44:19.543+0200,1800
8,59444,CONBR-157,JIRAUSER12417,2021-06-30T11:49:53.386+0200,1800
9,59443,CONBR-156,JIRAUSER12417,2021-06-30T11:49:37.409+0200,3600
10,58955,CONBR-155,JIRAUSER12417,2021-06-15T09:31:00.243+0200,900
11,58944,CONBR-154,sander.jongbloets,2021-06-08T11:55:28.295+0200,8100
12,58944,CONBR-154,sander.jongbloets,2021-06-08T15:28:35.075+0200,9900
13,58931,CONBR-153,JIRAUSER12417,2021-06-03T11:09:11.545+0200,1800
14,58909,CONBR-151,JIRAUSER12417,2021-06-03T09:17:26.131+0200,15300
15,58895,CONBR-150,jaap.van.hengstum,2021-06-07T08:09:57.840+0200,2700
16,58805,CONBR-149,jaap.van.hengstum,2021-05-31T09:06:51.695+0200,7200
17,58751,CONBR-148,sander.jongbloets,2021-06-01T16:28:21.951+0200,3600
18,58750,CONBR-147,sander.jongbloets,2021-05-31T15:23:05.881+0200,1800
19,58748,CONBR-145,sander.jongbloets,2021-05-31T17:18:30.685+0200,2700
20,58630,CONBR-144,sander.jongbloets,2021-05-28T11:44:44.233+0200,3600
21,58630,CONBR-144,sander.jongbloets,2021-05-28T11:45:18.091+0200,2700
22,58204,CONBR-143,sander.jongbloets,2021-05-19T09:29:30.138+0200,2700
23,58109,CONBR-142,sander.jongbloets,2021-06-01T16:28:35.351+0200,5400
24,58109,CONBR-142,jaap.van.hengstum,2021-06-02T08:15:56.313+0200,10800
25,57912,CONBR-141,sander.jongbloets,2021-05-17T12:28:11.804+0200,6300
26,57910,CONBR-140,sander.jongbloets,2021-05-17T14:04:40.648+0200,3600
27,57908,CONBR-139,jaap.van.hengstum,2021-05-19T09:33:29.420+0200,14400
28,57635,CONBR-138,sander.jongbloets,2021-05-05T09:19:25.923+0200,1800
29,57242,CONBR-136,jaap.van.hengstum,2021-04-28T08:43:19.789+0200,2700
30,57147,CONBR-135,jaap.van.hengstum,2021-04-23T08:12:43.992+0200,9000
31,56830,CONBR-134,sander.jongbloets,2021-05-11T17:34:09.388+0200,1800
32,56830,CONBR-134,sander.jongbloets,2021-05-12T14:05:55.727+0200,3600
33,56641,CONBR-133,jaap.van.hengstum,2021-04-14T07:54:27.273+0200,3600
34,56618,CONBR-132,JIRAUSER12417,2021-04-19T16:53:19.685+0200,7200
35,56618,CONBR-132,JIRAUSER12417,2021-04-19T22:57:38.292+0200,3600
36,56618,CONBR-132,JIRAUSER12417,2021-06-01T09:28:18.942+0200,14400
37,56618,CONBR-132,JIRAUSER12417,2021-06-01T09:29:04.907+0200,7200
38,56615,CONBR-131,jaap.van.hengstum,2021-04-13T16:11:59.889+0200,900
39,56564,CONBR-129,sander.jongbloets,2021-04-12T17:40:41.943+0200,900
40,56416,CONBR-128,JIRAUSER12417,2021-04-07T11:31:19.383+0200,3600
41,56415,CONBR-127,JIRAUSER12417,2021-04-07T11:31:54.733+0200,1800
42,56408,CONBR-126,sander.jongbloets,2021-04-06T14:32:18.547+0200,1800
43,56408,CONBR-126,jaap.van.hengstum,2021-04-08T08:38:40.915+0200,8100
44,56380,CONBR-125,jaap.van.hengstum,2021-04-06T08:51:37.944+0200,26100
45,56380,CONBR-125,jaap.van.hengstum,2021-04-08T08:41:04.100+0200,3600
46,56380,CONBR-125,jaap.van.hengstum,2021-04-08T08:41:13.216+0200,6300
47,56380,CONBR-125,jaap.van.hengstum,2021-04-12T17:32:31.443+0200,7200
48,56149,CONBR-124,luuk.naaijen,2021-04-29T16:51:38.600+0200,900
49,56149,CONBR-124,sander.jongbloets,2021-04-29T17:12:11.688+0200,14400
50,56149,CONBR-124,sander.jongbloets,2021-04-29T17:13:12.421+0200,3600
51,56149,CONBR-124,sander.jongbloets,2021-04-30T17:47:45.078+0200,2700
52,56149,CONBR-124,sander.jongbloets,2021-04-30T17:47:56.250+0200,18900
53,56149,CONBR-124,sander.jongbloets,2021-05-03T12:22:46.577+0200,3600
54,56149,CONBR-124,sander.jongbloets,2021-05-03T12:59:36.580+0200,2700
55,56149,CONBR-124,luuk.naaijen,2021-05-03T17:59:28.941+0200,600
56,56148,CONBR-123,JIRAUSER12417,2021-04-19T14:32:41.952+0200,9900
57,56148,CONBR-123,jaap.van.hengstum,2021-04-29T09:24:33.330+0200,14400
58,56147,CONBR-122,JIRAUSER12417,2021-04-19T14:31:37.700+0200,3600
59,56147,CONBR-122,JIRAUSER12417,2021-04-23T10:49:04.268+0200,3600
60,55962,CONBR-121,JIRAUSER12417,2021-04-06T08:59:26.762+0200,10800
61,55854,CONBR-120,jaap.van.hengstum,2021-03-31T07:59:45.231+0200,7200
62,55838,CONBR-119,JIRAUSER12417,2021-06-01T17:27:47.808+0200,12600
63,55838,CONBR-119,jesse.klaasse,2021-06-02T09:50:18.123+0200,900
64,55834,CONBR-118,JIRAUSER12417,2021-04-08T14:54:18.412+0200,18000
65,55757,CONBR-117,JIRAUSER12417,2021-04-18T23:23:08.798+0200,7200
66,55757,CONBR-117,JIRAUSER12417,2021-04-19T11:43:09.832+0200,1800
67,55613,CONBR-116,jaap.van.hengstum,2021-03-24T08:58:52.712+0100,1800
68,55613,CONBR-116,jaap.van.hengstum,2021-03-24T08:59:02.264+0100,1800
69,55613,CONBR-116,jaap.van.hengstum,2021-03-26T17:12:48.440+0100,1800
70,55613,CONBR-116,jaap.van.hengstum,2021-03-31T08:01:09.902+0200,3600
71,55613,CONBR-116,jaap.van.hengstum,2021-04-02T09:06:10.501+0200,3600
72,55590,CONBR-115,JIRAUSER12417,2021-03-23T13:23:41.390+0100,10800
73,55590,CONBR-115,JIRAUSER12417,2021-03-30T12:53:31.863+0200,3600
74,55578,CONBR-114,sander.jongbloets,2021-03-22T13:52:17.926+0100,1800
75,55578,CONBR-114,sander.jongbloets,2021-03-22T13:52:26.471+0100,900
76,55569,CONBR-113,sander.jongbloets,2021-04-13T11:27:52.199+0200,3600
77,55569,CONBR-113,sander.jongbloets,2021-04-13T17:38:10.266+0200,15300
78,55568,CONBR-112,JIRAUSER12417,2021-03-23T11:51:39.027+0100,16200
79,55568,CONBR-112,JIRAUSER12417,2021-03-30T12:55:32.319+0200,1800
80,55464,CONBR-110,sander.jongbloets,2021-03-19T13:33:19.876+0100,900
81,55464,CONBR-110,sander.jongbloets,2021-03-19T13:33:25.112+0100,3600
82,55343,CONBR-109,jesse.klaasse,2021-03-17T11:49:54.628+0100,3600
83,55197,CONBR-107,jaap.van.hengstum,2021-03-16T08:23:33.668+0100,2700
84,55197,CONBR-107,jaap.van.hengstum,2021-03-16T08:23:54.242+0100,11700
85,55194,CONBR-106,jesse.klaasse,2021-03-15T17:19:47.544+0100,1800
86,55194,CONBR-106,jesse.klaasse,2021-03-15T17:20:00.245+0100,1800
87,55194,CONBR-106,jesse.klaasse,2021-03-16T11:07:37.097+0100,1800
88,55194,CONBR-106,jesse.klaasse,2021-03-16T11:19:42.065+0100,1800
89,54901,CONBR-105,jaap.van.hengstum,2021-03-11T08:25:22.066+0100,7200
90,54901,CONBR-105,jaap.van.hengstum,2021-03-11T08:25:46.207+0100,5400
91,54901,CONBR-105,jaap.van.hengstum,2021-03-11T08:35:27.220+0100,3600
92,54901,CONBR-105,jaap.van.hengstum,2021-03-11T08:38:41.456+0100,3600
93,54601,CONBR-104,sander.jongbloets,2021-03-12T11:36:10.704+0100,1800
94,54601,CONBR-104,sander.jongbloets,2021-03-17T16:17:25.445+0100,5400
95,54601,CONBR-104,sander.jongbloets,2021-03-17T16:17:33.559+0100,2700
96,54599,CONBR-102,sander.jongbloets,2021-03-09T09:27:55.968+0100,2700
97,54599,CONBR-102,sander.jongbloets,2021-03-09T10:30:32.272+0100,2700
98,54599,CONBR-102,sander.jongbloets,2021-03-11T09:30:46.188+0100,9600
99,54599,CONBR-102,sander.jongbloets,2021-03-11T09:30:56.303+0100,3600
100,54245,CONBR-97,jesse.klaasse,2021-03-15T14:47:58.456+0100,3600
101,53856,CONBR-96,sander.jongbloets,2021-02-24T11:59:00.580+0100,2700
102,53816,CONBR-95,jaap.van.hengstum,2021-02-24T08:35:17.321+0100,3600
103,53816,CONBR-95,JIRAUSER12417,2021-03-23T18:23:51.304+0100,18000
104,53816,CONBR-95,JIRAUSER12417,2021-03-30T09:02:35.117+0200,25200
105,53816,CONBR-95,JIRAUSER12417,2021-03-30T15:00:59.671+0200,7200
106,53742,CONBR-94,jesse.klaasse,2021-03-09T09:19:30.499+0100,3600
107,53742,CONBR-94,jesse.klaasse,2021-03-09T13:32:29.343+0100,900
108,53703,CONBR-93,sander.jongbloets,2021-02-23T09:29:52.836+0100,3600
109,53703,CONBR-93,sander.jongbloets,2021-02-23T09:30:02.369+0100,3600
110,53703,CONBR-93,sander.jongbloets,2021-02-23T09:30:12.405+0100,3600
111,53703,CONBR-93,sander.jongbloets,2021-03-02T09:17:41.991+0100,9000
112,53703,CONBR-93,sander.jongbloets,2021-03-02T09:17:51.445+0100,9000
113,53703,CONBR-93,sander.jongbloets,2021-03-03T14:02:25.911+0100,8100
114,53695,CONBR-86,sander.jongbloets,2021-04-05T23:35:09.609+0200,5400
115,53695,CONBR-86,sander.jongbloets,2021-04-05T23:35:17.359+0200,9900
116,53695,CONBR-86,sander.jongbloets,2021-04-05T23:35:24.090+0200,1800
117,53694,CONBR-85,sander.jongbloets,2021-04-05T23:37:51.445+0200,12600
118,53693,CONBR-84,sander.jongbloets,2021-04-05T23:36:16.888+0200,900
119,53693,CONBR-84,sander.jongbloets,2021-04-05T23:36:25.842+0200,3600
120,53693,CONBR-84,sander.jongbloets,2021-04-05T23:36:40.363+0200,4500
121,53693,CONBR-84,sander.jongbloets,2021-04-05T23:36:51.308+0200,4500
122,53692,CONBR-83,sander.jongbloets,2021-04-05T23:37:33.056+0200,11700
123,53688,CONBR-79,sander.jongbloets,2021-03-03T14:03:25.446+0100,2700
124,53688,CONBR-79,sander.jongbloets,2021-03-03T14:03:49.328+0100,5400
125,53688,CONBR-79,sander.jongbloets,2021-03-03T14:04:17.719+0100,5400
126,53688,CONBR-79,sander.jongbloets,2021-03-04T14:38:59.028+0100,4500
127,53688,CONBR-79,sander.jongbloets,2021-03-04T14:39:16.530+0100,2700
128,53688,CONBR-79,sander.jongbloets,2021-03-08T09:26:42.796+0100,7200
129,53688,CONBR-79,sander.jongbloets,2021-03-08T14:43:10.071+0100,3600
130,53688,CONBR-79,sander.jongbloets,2021-03-09T09:27:42.720+0100,1800
131,53632,CONBR-77,sander.jongbloets,2021-02-22T11:06:46.451+0100,10800
132,53632,CONBR-77,sander.jongbloets,2021-02-22T11:06:53.754+0100,5400
133,53632,CONBR-77,sander.jongbloets,2021-02-22T11:47:04.235+0100,1800
134,53631,CONBR-76,sander.jongbloets,2021-06-04T09:26:38.322+0200,7200
135,53631,CONBR-76,sander.jongbloets,2021-06-04T10:26:02.188+0200,1800
136,53630,CONBR-75,JIRAUSER12417,2021-04-20T14:44:22.244+0200,7200
137,53630,CONBR-75,JIRAUSER12417,2021-04-26T15:49:16.840+0200,7200
138,53630,CONBR-75,JIRAUSER12417,2021-04-26T15:49:43.818+0200,7200
139,53630,CONBR-75,JIRAUSER12417,2021-06-01T17:27:00.861+0200,16200
140,53630,CONBR-75,JIRAUSER12417,2021-06-03T09:16:58.709+0200,9000
141,53630,CONBR-75,JIRAUSER12417,2021-06-03T09:17:53.907+0200,3600
142,53629,CONBR-74,JIRAUSER12417,2021-04-20T14:46:18.373+0200,7200
143,53628,CONBR-73,JIRAUSER12417,2021-04-09T13:04:36.450+0200,10800
144,53438,CONBR-72,jaap.van.hengstum,2021-02-17T09:25:00.130+0100,5400
145,53438,CONBR-72,jaap.van.hengstum,2021-02-18T08:15:18.506+0100,10800
146,53438,CONBR-72,jaap.van.hengstum,2021-02-19T08:04:14.576+0100,3600
147,53438,CONBR-72,jaap.van.hengstum,2021-02-22T09:45:27.846+0100,22500
148,53324,CONBR-71,sander.jongbloets,2021-02-16T10:45:30.226+0100,9900
149,53324,CONBR-71,sander.jongbloets,2021-02-16T10:45:42.509+0100,11700
150,53324,CONBR-71,sander.jongbloets,2021-02-16T16:41:11.701+0100,9900
151,53324,CONBR-71,sander.jongbloets,2021-02-16T16:41:21.475+0100,11700
152,53324,CONBR-71,sander.jongbloets,2021-02-18T11:10:21.858+0100,9900
153,53324,CONBR-71,sander.jongbloets,2021-02-18T11:10:23.840+0100,7200
154,53307,CONBR-70,jaap.van.hengstum,2021-02-12T17:34:35.927+0100,7200
155,53160,CONBR-69,jesse.klaasse,2021-02-11T13:01:40.603+0100,1800
156,53160,CONBR-69,jesse.klaasse,2021-02-19T09:51:47.609+0100,900
157,53160,CONBR-69,jesse.klaasse,2021-02-19T11:25:50.384+0100,1800
158,53136,CONBR-68,sander.jongbloets,2021-02-10T12:33:27.536+0100,5400
159,53136,CONBR-68,sander.jongbloets,2021-02-11T12:57:11.970+0100,1800
160,53136,CONBR-68,sander.jongbloets,2021-02-11T14:47:03.191+0100,900
161,53136,CONBR-68,jaap.van.hengstum,2021-02-14T22:58:30.971+0100,1800
162,52599,CONBR-67,sander.jongbloets,2021-02-05T09:31:46.175+0100,7200
163,52436,CONBR-65,jesse.klaasse,2021-02-02T16:54:03.893+0100,1800
164,52436,CONBR-65,jaap.van.hengstum,2021-02-03T09:13:21.419+0100,7200
165,52436,CONBR-65,jaap.van.hengstum,2021-02-04T09:46:08.571+0100,2700
166,52436,CONBR-65,jaap.van.hengstum,2021-02-08T08:27:55.396+0100,900
167,52273,CONBR-64,daan.de.krosse,2021-02-08T12:53:24.873+0100,14400
168,52204,CONBR-63,jesse.klaasse,2021-01-25T14:40:12.861+0100,900
169,52204,CONBR-63,jesse.klaasse,2021-01-25T17:38:00.429+0100,1800
170,52204,CONBR-63,jesse.klaasse,2021-02-02T15:46:29.557+0100,2700
171,52192,CONBR-62,jesse.klaasse,2021-01-29T10:17:02.769+0100,1800
172,52157,CONBR-61,jaap.van.hengstum,2021-01-25T08:13:40.823+0100,3600
173,51914,CONBR-59,jesse.klaasse,2021-01-21T14:40:29.859+0100,3600
174,51914,CONBR-59,jesse.klaasse,2021-01-22T12:59:10.730+0100,3600
175,51664,CONBR-58,jesse.klaasse,2021-01-13T13:35:40.567+0100,1800
176,51664,CONBR-58,jesse.klaasse,2021-01-13T13:46:07.683+0100,900
177,51664,CONBR-58,jesse.klaasse,2021-01-15T10:20:10.635+0100,1800
178,51664,CONBR-58,jesse.klaasse,2021-01-18T10:23:32.926+0100,900
179,51664,CONBR-58,jesse.klaasse,2021-01-20T14:01:03.252+0100,1800
180,51425,CONBR-57,jesse.klaasse,2021-03-17T17:02:03.857+0100,3600
181,51425,CONBR-57,jesse.klaasse,2021-03-22T17:24:54.816+0100,900
182,51425,CONBR-57,jesse.klaasse,2021-03-23T14:53:53.603+0100,3600
183,51425,CONBR-57,jesse.klaasse,2021-03-26T15:10:39.825+0100,900
184,51425,CONBR-57,jesse.klaasse,2021-03-30T12:08:35.525+0200,3600
185,51423,CONBR-55,jesse.klaasse,2021-01-07T10:35:03.069+0100,1800
186,51423,CONBR-55,jaap.van.hengstum,2021-01-11T09:26:12.163+0100,1800
187,51415,CONBR-54,jesse.klaasse,2021-01-07T12:21:30.722+0100,1800
188,51415,CONBR-54,jesse.klaasse,2021-01-07T15:59:09.797+0100,1800
189,51415,CONBR-54,jesse.klaasse,2021-01-08T17:36:52.560+0100,10800
190,51415,CONBR-54,jaap.van.hengstum,2021-01-11T09:26:47.309+0100,27900
191,51415,CONBR-54,jaap.van.hengstum,2021-01-11T09:27:13.420+0100,27900
192,51415,CONBR-54,jesse.klaasse,2021-01-11T10:57:30.331+0100,1800
193,51415,CONBR-54,jaap.van.hengstum,2021-01-14T08:52:55.696+0100,7200
194,51415,CONBR-54,jaap.van.hengstum,2021-01-14T08:53:12.416+0100,3600
195,51415,CONBR-54,jaap.van.hengstum,2021-01-14T08:53:23.742+0100,900
196,51415,CONBR-54,jaap.van.hengstum,2021-01-14T09:01:09.885+0100,1800
197,51415,CONBR-54,jaap.van.hengstum,2021-01-20T09:06:20.829+0100,3600
198,51413,CONBR-52,jesse.klaasse,2021-02-23T14:05:12.556+0100,900
199,51413,CONBR-52,jesse.klaasse,2021-02-23T15:31:22.417+0100,900
200,51413,CONBR-52,jesse.klaasse,2021-03-04T15:38:26.642+0100,3600
201,51411,CONBR-51,sander.jongbloets,2021-01-08T09:44:07.529+0100,13500
202,51411,CONBR-51,sander.jongbloets,2021-01-14T09:33:24.094+0100,3600
203,51411,CONBR-51,sander.jongbloets,2021-01-19T15:11:11.957+0100,1800
204,51411,CONBR-51,sander.jongbloets,2021-01-19T15:11:19.908+0100,8100
205,51411,CONBR-51,sander.jongbloets,2021-01-20T13:14:37.386+0100,10800
206,51280,CONBR-49,jesse.klaasse,2021-01-05T13:50:52.757+0100,1800
207,50308,CONBR-48,jesse.klaasse,2020-12-21T10:44:09.906+0100,4500
208,49578,CONBR-47,daan.de.krosse,2020-12-14T12:32:58.872+0100,7200
209,49534,CONBR-46,daan.de.krosse,2020-12-03T13:28:52.442+0100,18000
210,49534,CONBR-46,daan.de.krosse,2020-12-07T12:38:39.705+0100,10800
211,49359,CONBR-45,jesse.klaasse,2021-01-21T17:06:29.808+0100,3600
212,49359,CONBR-45,jesse.klaasse,2021-01-21T17:27:29.658+0100,1800
213,49359,CONBR-45,jesse.klaasse,2021-01-22T12:58:47.986+0100,5400
214,48956,CONBR-42,jesse.klaasse,2021-03-22T17:23:47.131+0100,16200
215,48956,CONBR-42,jesse.klaasse,2021-03-23T14:54:23.265+0100,13500
216,48956,CONBR-42,jesse.klaasse,2021-03-25T10:29:18.279+0100,1800
217,48956,CONBR-42,sander.jongbloets,2021-03-25T16:02:11.432+0100,1800
218,48956,CONBR-42,jesse.klaasse,2021-03-30T12:07:49.247+0200,5400
219,48956,CONBR-42,jesse.klaasse,2021-03-30T14:00:57.566+0200,6300
220,48671,CONBR-40,bjorn.vande.ruit,2020-12-30T13:46:54.407+0100,7200
221,48671,CONBR-40,bjorn.vande.ruit,2020-12-30T13:47:03.959+0100,7200
222,48671,CONBR-40,bjorn.vande.ruit,2020-12-30T13:47:11.702+0100,7200
223,48669,CONBR-38,jaap.van.hengstum,2021-02-03T09:16:21.018+0100,7200
224,48669,CONBR-38,jaap.van.hengstum,2021-02-04T09:45:07.554+0100,21600
225,48669,CONBR-38,jaap.van.hengstum,2021-02-08T08:29:28.932+0100,3600
226,48669,CONBR-38,jaap.van.hengstum,2021-02-08T08:29:48.114+0100,9000
227,48668,CONBR-37,jesse.klaasse,2021-01-21T17:06:59.124+0100,1800
228,48668,CONBR-37,jesse.klaasse,2021-01-22T13:57:57.739+0100,1800
229,48665,CONBR-34,sander.jongbloets,2021-02-02T10:04:03.626+0100,3600
230,48665,CONBR-34,sander.jongbloets,2021-02-02T10:04:14.729+0100,7200
231,48665,CONBR-34,sander.jongbloets,2021-02-02T10:47:36.132+0100,2700
232,48665,CONBR-34,jaap.van.hengstum,2021-02-03T09:14:07.181+0100,9900
233,48665,CONBR-34,sander.jongbloets,2021-02-03T14:19:34.790+0100,8100
234,48664,CONBR-33,jaap.van.hengstum,2021-02-12T17:33:22.509+0100,9000
235,48664,CONBR-33,jaap.van.hengstum,2021-02-14T23:00:03.278+0100,9000
236,48660,CONBR-29,sander.jongbloets,2021-02-11T10:22:24.121+0100,3600
237,48660,CONBR-29,sander.jongbloets,2021-02-11T12:56:58.249+0100,9000
238,48660,CONBR-29,sander.jongbloets,2021-03-30T09:54:38.171+0200,6300
239,48660,CONBR-29,sander.jongbloets,2021-04-16T17:24:23.324+0200,7200
240,48660,CONBR-29,sander.jongbloets,2021-04-19T13:40:44.147+0200,3600
241,48660,CONBR-29,sander.jongbloets,2021-04-19T13:40:51.176+0200,2700
242,48660,CONBR-29,sander.jongbloets,2021-04-20T17:01:54.307+0200,1800
243,48660,CONBR-29,sander.jongbloets,2021-04-21T16:39:56.490+0200,900
244,48659,CONBR-28,sander.jongbloets,2021-03-16T16:07:34.600+0100,5400
245,48659,CONBR-28,sander.jongbloets,2021-03-16T16:07:46.030+0100,10800
246,48659,CONBR-28,sander.jongbloets,2021-03-16T16:08:09.951+0100,1800
247,48659,CONBR-28,sander.jongbloets,2021-03-16T16:08:17.020+0100,9900
248,48659,CONBR-28,sander.jongbloets,2021-03-16T16:08:23.341+0100,10800
249,48659,CONBR-28,sander.jongbloets,2021-03-17T16:17:14.649+0100,4500
250,48658,CONBR-27,sander.jongbloets,2021-02-05T09:31:15.456+0100,9000
251,48656,CONBR-25,daan.de.krosse,2020-11-27T15:02:14.893+0100,1800
252,48656,CONBR-25,daan.de.krosse,2020-11-27T15:02:41.895+0100,19800
253,48655,CONBR-24,sander.jongbloets,2021-01-08T09:44:20.027+0100,4500
254,48655,CONBR-24,sander.jongbloets,2021-01-08T09:44:50.972+0100,5400
255,48655,CONBR-24,sander.jongbloets,2021-01-12T15:12:44.491+0100,4500
256,48655,CONBR-24,sander.jongbloets,2021-01-14T09:32:49.310+0100,9900
257,48655,CONBR-24,sander.jongbloets,2021-01-14T09:32:58.774+0100,3600
258,48653,CONBR-22,sander.jongbloets,2021-04-15T14:32:54.949+0200,3600
259,48653,CONBR-22,sander.jongbloets,2021-04-15T20:37:18.394+0200,6300
260,48653,CONBR-22,sander.jongbloets,2021-04-16T17:24:06.706+0200,9000
261,48653,CONBR-22,sander.jongbloets,2021-04-16T17:24:12.358+0200,9000
262,48652,CONBR-21,sander.jongbloets,2021-03-31T09:29:57.730+0200,3600
263,48652,CONBR-21,sander.jongbloets,2021-03-31T09:30:05.228+0200,3600
264,48651,CONBR-20,luuk.naaijen,2021-04-14T12:22:42.975+0200,3600
265,48650,CONBR-19,sander.jongbloets,2021-04-14T13:42:09.641+0200,1800
266,48650,CONBR-19,sander.jongbloets,2021-04-14T13:42:18.866+0200,2700
267,48649,CONBR-18,sander.jongbloets,2021-03-24T17:10:58.622+0100,4500
268,48649,CONBR-18,sander.jongbloets,2021-03-24T17:12:27.723+0100,11700
269,48649,CONBR-18,sander.jongbloets,2021-03-25T22:27:14.825+0100,4500
270,48649,CONBR-18,sander.jongbloets,2021-03-26T13:25:38.846+0100,1800
271,48648,CONBR-17,sander.jongbloets,2021-03-31T09:30:46.100+0200,6300
272,48647,CONBR-16,sander.jongbloets,2021-03-22T17:17:39.604+0100,13500
273,48647,CONBR-16,sander.jongbloets,2021-03-24T15:46:30.173+0100,9900
274,48644,CONBR-13,jaap.van.hengstum,2021-02-24T08:38:44.408+0100,3600
275,48644,CONBR-13,jaap.van.hengstum,2021-02-26T08:25:15.579+0100,7200
276,48644,CONBR-13,jaap.van.hengstum,2021-02-26T08:25:18.882+0100,3600
277,48644,CONBR-13,luuk.naaijen,2021-03-01T12:16:13.494+0100,8100
278,48644,CONBR-13,luuk.naaijen,2021-03-01T17:40:42.807+0100,900
279,48644,CONBR-13,jesse.klaasse,2021-03-04T09:59:39.634+0100,900
280,48644,CONBR-13,jesse.klaasse,2021-03-04T13:50:24.329+0100,3600
281,48643,CONBR-12,sander.jongbloets,2021-02-09T14:03:13.688+0100,7200
282,48643,CONBR-12,sander.jongbloets,2021-02-09T16:03:19.230+0100,5400
283,48642,CONBR-11,sander.jongbloets,2021-02-08T14:47:08.228+0100,9900
284,48642,CONBR-11,sander.jongbloets,2021-02-09T11:08:43.578+0100,5400
285,48641,CONBR-10,sander.jongbloets,2021-01-22T12:35:08.449+0100,4500
286,48641,CONBR-10,sander.jongbloets,2021-01-22T12:35:16.686+0100,1800
287,48641,CONBR-10,sander.jongbloets,2021-01-22T12:35:38.132+0100,9900
288,48641,CONBR-10,sander.jongbloets,2021-01-27T09:31:39.809+0100,6300
289,48641,CONBR-10,sander.jongbloets,2021-01-27T09:31:48.793+0100,7200
290,48641,CONBR-10,sander.jongbloets,2021-01-27T09:32:18.505+0100,9900
291,48641,CONBR-10,sander.jongbloets,2021-01-27T09:32:26.263+0100,7200
292,48641,CONBR-10,sander.jongbloets,2021-01-27T14:33:40.508+0100,8100
293,48641,CONBR-10,sander.jongbloets,2021-01-27T14:33:58.800+0100,7200
294,48641,CONBR-10,sander.jongbloets,2021-01-28T13:43:38.731+0100,9000
295,48641,CONBR-10,sander.jongbloets,2021-01-28T13:43:49.808+0100,3600
296,48639,CONBR-8,jesse.klaasse,2021-02-16T17:17:39.933+0100,7200
297,48639,CONBR-8,jesse.klaasse,2021-02-18T17:44:53.151+0100,5400
298,48639,CONBR-8,jesse.klaasse,2021-02-19T16:58:13.247+0100,13500
299,48638,CONBR-7,jaap.van.hengstum,2021-02-10T09:02:22.023+0100,18000
300,48638,CONBR-7,jaap.van.hengstum,2021-02-10T09:08:09.096+0100,15300
301,48638,CONBR-7,jaap.van.hengstum,2021-02-10T09:08:24.616+0100,14400
302,48637,CONBR-6,jaap.van.hengstum,2021-01-28T12:45:57.073+0100,2700
303,48637,CONBR-6,jesse.klaasse,2021-01-29T11:13:58.172+0100,1800
304,48637,CONBR-6,jesse.klaasse,2021-01-29T16:02:44.742+0100,900
305,48637,CONBR-6,jaap.van.hengstum,2021-02-01T08:06:55.546+0100,9000
306,48637,CONBR-6,jesse.klaasse,2021-02-01T11:30:29.756+0100,1800
307,48636,CONBR-5,jaap.van.hengstum,2021-01-28T12:46:09.339+0100,2700
308,48636,CONBR-5,jesse.klaasse,2021-01-28T14:30:40.107+0100,1800
309,48636,CONBR-5,jaap.van.hengstum,2021-02-01T08:06:53.789+0100,12600
310,48636,CONBR-5,jaap.van.hengstum,2021-02-01T08:11:03.403+0100,25200
311,48636,CONBR-5,jesse.klaasse,2021-02-01T13:28:17.522+0100,1800
312,48636,CONBR-5,jaap.van.hengstum,2021-02-03T09:17:00.488+0100,24300
313,48635,CONBR-4,jesse.klaasse,2021-01-21T17:06:45.882+0100,1800
314,48635,CONBR-4,jesse.klaasse,2021-01-22T12:59:32.543+0100,5400
315,48635,CONBR-4,jesse.klaasse,2021-01-22T16:52:24.613+0100,3600
316,48635,CONBR-4,jesse.klaasse,2021-02-05T12:59:25.868+0100,2700
317,48633,CONBR-2,jesse.klaasse,2021-01-18T11:30:06.477+0100,3600
318,48633,CONBR-2,jaap.van.hengstum,2021-01-25T08:08:46.178+0100,12600
319,48633,CONBR-2,jaap.van.hengstum,2021-01-26T08:41:13.557+0100,2700
320,60193,PSH-306,luuk.naaijen,2021-07-06T11:21:14.177+0200,5400
321,60193,PSH-306,jesse.klaasse,2021-07-06T11:25:42.421+0200,900
322,60182,PSH-305,luuk.naaijen,2021-07-05T17:59:35.545+0200,3000
323,60182,PSH-305,luuk.naaijen,2021-07-05T18:00:35.993+0200,7800
324,60136,PSH-302,luuk.naaijen,2021-07-05T15:50:04.413+0200,3000
325,60029,PSH-300,JIRAUSER12417,2021-07-04T17:50:17.600+0200,2700
326,60028,PSH-299,JIRAUSER12417,2021-06-30T13:05:39.942+0200,1800
327,60011,PSH-298,JIRAUSER12417,2021-06-30T10:28:41.088+0200,6300
328,60011,PSH-298,luuk.naaijen,2021-07-05T16:13:32.919+0200,9000
329,60011,PSH-298,luuk.naaijen,2021-07-05T16:13:48.606+0200,3600
330,59998,PSH-296,jesse.klaasse,2021-06-30T12:41:05.644+0200,3600
331,59938,PSH-291,JIRAUSER12417,2021-06-29T08:59:59.947+0200,1800
332,59937,PSH-290,JIRAUSER12417,2021-06-30T10:24:56.698+0200,13500
333,59936,PSH-289,JIRAUSER12417,2021-06-30T10:25:58.663+0200,13500
334,59920,PSH-283,JIRAUSER12701,2021-06-29T14:48:13.186+0200,1800
335,59920,PSH-283,JIRAUSER12701,2021-06-29T14:49:24.058+0200,10800
336,59775,PSH-275,JIRAUSER12417,2021-06-29T09:00:44.717+0200,11700
337,59775,PSH-275,JIRAUSER12417,2021-06-29T09:01:14.369+0200,10800
338,59775,PSH-275,JIRAUSER12417,2021-06-30T10:27:33.173+0200,2700
339,59775,PSH-275,JIRAUSER12417,2021-07-01T13:02:27.502+0200,11700
340,59750,PSH-273,luuk.naaijen,2021-06-24T17:13:46.760+0200,2400
341,59749,PSH-272,remy.van.velthuijsen,2021-06-28T14:45:27.164+0200,1800
342,59748,PSH-271,remy.van.velthuijsen,2021-06-28T10:51:59.978+0200,7200
343,59748,PSH-271,mitchell.diels,2021-06-28T17:17:48.799+0200,3600
344,59737,PSH-268,mitchell.diels,2021-06-30T14:59:19.550+0200,5400
345,59736,PSH-267,mitchell.diels,2021-06-28T11:12:41.535+0200,1800
346,59736,PSH-267,mitchell.diels,2021-06-30T16:13:15.705+0200,900
347,59736,PSH-267,stijn.bastiaansen,2021-07-01T10:18:00.674+0200,900
348,59736,PSH-267,mitchell.diels,2021-07-01T15:09:44.180+0200,1800
349,59736,PSH-267,mitchell.diels,2021-07-05T14:10:19.986+0200,1800
350,59720,PSH-265,luuk.naaijen,2021-06-23T17:12:14.415+0200,7200
351,59614,PSH-264,luuk.naaijen,2021-06-24T18:00:48.394+0200,3600
352,59614,PSH-264,luuk.naaijen,2021-06-24T18:00:56.388+0200,4200
353,59614,PSH-264,luuk.naaijen,2021-06-24T18:01:24.499+0200,1200
354,59614,PSH-264,luuk.naaijen,2021-06-25T13:52:52.165+0200,5400
355,59614,PSH-264,luuk.naaijen,2021-06-25T13:53:02.572+0200,9900
356,59614,PSH-264,luuk.naaijen,2021-06-25T13:53:23.363+0200,2400
357,59614,PSH-264,luuk.naaijen,2021-06-28T13:51:43.088+0200,6300
358,59614,PSH-264,jesse.klaasse,2021-06-29T11:25:42.533+0200,900
359,59505,PSH-263,JIRAUSER12417,2021-06-17T16:13:09.041+0200,4500
360,59494,PSH-262,luuk.naaijen,2021-06-17T12:16:42.515+0200,5400
361,59454,PSH-254,luuk.naaijen,2021-06-23T17:34:31.133+0200,3600
362,59454,PSH-254,luuk.naaijen,2021-06-23T17:35:33.988+0200,3000
363,59453,PSH-253,luuk.naaijen,2021-06-23T17:58:36.590+0200,3600
364,59453,PSH-253,luuk.naaijen,2021-06-24T17:59:42.665+0200,13500
365,59453,PSH-253,luuk.naaijen,2021-06-25T13:53:36.708+0200,1200
366,59452,PSH-252,luuk.naaijen,2021-06-22T15:49:27.294+0200,1800
367,59452,PSH-252,luuk.naaijen,2021-06-22T15:49:35.448+0200,1800
368,59452,PSH-252,luuk.naaijen,2021-06-22T18:08:03.122+0200,7800
369,59452,PSH-252,luuk.naaijen,2021-06-23T17:12:48.626+0200,6300
370,59452,PSH-252,jesse.klaasse,2021-06-24T15:39:36.250+0200,900
371,59451,PSH-251,JIRAUSER12417,2021-06-16T23:27:46.105+0200,5400
372,59451,PSH-251,JIRAUSER12417,2021-06-16T23:35:06.338+0200,3600
373,59451,PSH-251,JIRAUSER12417,2021-06-17T16:52:26.437+0200,3600
374,59451,PSH-251,JIRAUSER12417,2021-06-17T16:53:05.912+0200,3600
375,59451,PSH-251,luuk.naaijen,2021-06-21T17:52:11.800+0200,1800
376,59450,PSH-250,JIRAUSER12417,2021-06-17T16:06:33.403+0200,900
377,59437,PSH-249,jesse.klaasse,2021-06-16T11:59:30.837+0200,900
378,59437,PSH-249,jesse.klaasse,2021-06-16T14:27:47.856+0200,900
379,59436,PSH-248,jesse.klaasse,2021-06-16T10:27:32.559+0200,1800
380,59436,PSH-248,jesse.klaasse,2021-06-21T10:59:05.058+0200,1800
381,59436,PSH-248,jesse.klaasse,2021-06-24T10:22:39.249+0200,2700
382,59431,PSH-247,JIRAUSER12417,2021-06-16T11:16:39.286+0200,6300
383,59431,PSH-247,JIRAUSER12417,2021-06-16T23:31:44.687+0200,3600
384,59424,PSH-246,JIRAUSER12417,2021-06-15T16:45:28.143+0200,6300
385,59424,PSH-246,JIRAUSER12417,2021-06-16T16:15:47.433+0200,1800
386,59424,PSH-246,JIRAUSER12417,2021-06-16T16:16:26.679+0200,4500
387,59424,PSH-246,JIRAUSER12417,2021-06-17T16:08:15.162+0200,1800
388,59424,PSH-246,JIRAUSER12417,2021-06-17T16:09:19.463+0200,5400
389,59424,PSH-246,JIRAUSER12417,2021-06-21T15:29:22.128+0200,1800
390,59424,PSH-246,JIRAUSER12417,2021-06-25T12:46:25.023+0200,2700
391,59423,PSH-245,JIRAUSER12417,2021-06-15T16:39:48.077+0200,4500
392,59419,PSH-244,JIRAUSER12417,2021-06-15T15:40:22.957+0200,6300
393,59403,PSH-243,luuk.naaijen,2021-06-21T17:51:48.955+0200,1800
394,59358,PSH-242,JIRAUSER12417,2021-06-15T13:54:44.703+0200,2700
395,59358,PSH-242,JIRAUSER12417,2021-06-16T23:29:44.298+0200,1800
396,59358,PSH-242,JIRAUSER12417,2021-06-16T23:36:33.200+0200,1800
397,59334,PSH-241,luuk.naaijen,2021-06-14T16:26:02.248+0200,6300
398,59334,PSH-241,luuk.naaijen,2021-06-15T12:48:34.621+0200,1500
399,59334,PSH-241,luuk.naaijen,2021-06-16T17:35:38.899+0200,2400
400,59334,PSH-241,luuk.naaijen,2021-06-17T12:16:02.897+0200,900
401,59334,PSH-241,luuk.naaijen,2021-06-17T12:16:13.408+0200,1800
402,59334,PSH-241,luuk.naaijen,2021-06-21T15:28:20.489+0200,1500
403,59334,PSH-241,luuk.naaijen,2021-06-23T15:40:59.928+0200,2400
404,59230,PSH-240,JIRAUSER12417,2021-06-15T13:53:48.866+0200,7200
405,59159,PSH-237,onno.klien.hofmeijer,2021-06-15T09:08:49.519+0200,19800
406,59159,PSH-237,onno.klien.hofmeijer,2021-06-16T07:50:43.936+0200,9000
407,59159,PSH-237,onno.klien.hofmeijer,2021-06-17T11:27:29.007+0200,10800
408,59157,PSH-236,onno.klien.hofmeijer,2021-06-18T15:29:03.551+0200,14400
409,59157,PSH-236,onno.klien.hofmeijer,2021-06-22T09:39:39.395+0200,12600
410,59129,PSH-235,mitchell.diels,2021-06-17T09:57:24.639+0200,900
411,59129,PSH-235,mitchell.diels,2021-06-17T16:36:00.225+0200,3600
412,59129,PSH-235,mitchell.diels,2021-06-18T13:50:54.657+0200,7200
413,59129,PSH-235,remy.van.velthuijsen,2021-06-18T16:32:39.924+0200,3600
414,59129,PSH-235,mitchell.diels,2021-06-21T14:36:14.882+0200,1800
415,59129,PSH-235,mitchell.diels,2021-06-23T11:29:46.654+0200,1800
416,59129,PSH-235,mitchell.diels,2021-06-24T09:36:04.048+0200,1800
417,59129,PSH-235,mitchell.diels,2021-06-25T14:54:58.770+0200,900
418,59128,PSH-234,remy.van.velthuijsen,2021-06-14T10:22:55.781+0200,1800
419,59128,PSH-234,mitchell.diels,2021-06-14T11:12:28.374+0200,1800
420,59127,PSH-233,remy.van.velthuijsen,2021-06-21T13:34:47.266+0200,1800
421,59127,PSH-233,remy.van.velthuijsen,2021-06-24T16:24:26.828+0200,2700
422,59070,PSH-232,mitchell.diels,2021-06-21T14:34:49.315+0200,18000
423,59070,PSH-232,mitchell.diels,2021-06-25T09:32:41.184+0200,1800
424,58984,PSH-231,luuk.naaijen,2021-06-10T16:35:33.554+0200,1800
425,58984,PSH-231,luuk.naaijen,2021-06-10T16:35:47.289+0200,9900
426,58984,PSH-231,luuk.naaijen,2021-06-10T16:35:54.794+0200,3600
427,58984,PSH-231,luuk.naaijen,2021-06-10T16:36:01.262+0200,5400
428,58984,PSH-231,luuk.naaijen,2021-06-14T17:48:58.445+0200,3600
429,58984,PSH-231,luuk.naaijen,2021-06-14T17:49:27.947+0200,10200
430,58984,PSH-231,luuk.naaijen,2021-06-14T17:52:51.880+0200,2700
431,58984,PSH-231,luuk.naaijen,2021-06-22T12:13:47.267+0200,8100
432,58984,PSH-231,jesse.klaasse,2021-06-24T15:35:41.420+0200,900
433,58983,PSH-230,luuk.naaijen,2021-06-07T17:39:46.473+0200,7200
434,58983,PSH-230,luuk.naaijen,2021-06-08T18:02:15.050+0200,4500
435,58983,PSH-230,luuk.naaijen,2021-06-08T18:02:24.190+0200,900
436,58983,PSH-230,luuk.naaijen,2021-06-08T18:02:46.258+0200,7200
437,58983,PSH-230,jesse.klaasse,2021-06-17T08:59:47.215+0200,900
438,58983,PSH-230,luuk.naaijen,2021-06-17T12:15:49.558+0200,1800
439,58983,PSH-230,luuk.naaijen,2021-06-21T11:31:50.470+0200,1800
440,58983,PSH-230,jesse.klaasse,2021-06-22T09:56:47.169+0200,900
441,58983,PSH-230,luuk.naaijen,2021-06-23T17:35:22.010+0200,1800
442,58983,PSH-230,jesse.klaasse,2021-06-24T15:34:38.655+0200,900
443,58979,PSH-229,patrick.van.tilborg,2021-06-10T08:34:52.630+0200,7200
444,58979,PSH-229,patrick.van.tilborg,2021-06-10T08:34:59.409+0200,7200
445,58974,PSH-228,JIRAUSER12417,2021-06-15T09:43:29.063+0200,2700
446,58974,PSH-228,JIRAUSER12417,2021-06-15T10:25:16.676+0200,900
447,58968,PSH-227,JIRAUSER12417,2021-06-07T01:29:30.282+0200,2700
448,58967,PSH-226,JIRAUSER12417,2021-06-07T01:26:14.535+0200,7200
449,58967,PSH-226,luuk.naaijen,2021-06-08T15:07:26.526+0200,7200
450,58966,PSH-225,JIRAUSER12417,2021-06-07T01:26:57.428+0200,2700
451,58966,PSH-225,luuk.naaijen,2021-06-07T17:38:58.324+0200,3600
452,58932,PSH-224,JIRAUSER12417,2021-06-03T11:12:35.515+0200,1800
453,58847,PSH-223,JIRAUSER12417,2021-06-01T09:25:32.440+0200,1800
454,58847,PSH-223,JIRAUSER12417,2021-06-01T09:26:09.770+0200,900
455,58847,PSH-223,JIRAUSER12417,2021-06-07T13:34:14.872+0200,3600
456,58847,PSH-223,JIRAUSER12417,2021-06-07T16:36:31.196+0200,1800
457,58847,PSH-223,JIRAUSER12417,2021-06-07T18:11:26.666+0200,1800
458,58837,PSH-222,luuk.naaijen,2021-05-31T17:34:03.979+0200,3600
459,58837,PSH-222,luuk.naaijen,2021-06-03T11:28:46.265+0200,1800
460,58837,PSH-222,luuk.naaijen,2021-06-03T15:40:27.284+0200,1800
461,58837,PSH-222,luuk.naaijen,2021-06-04T14:59:14.005+0200,3600
462,58837,PSH-222,luuk.naaijen,2021-06-07T17:39:34.149+0200,1800
463,58837,PSH-222,luuk.naaijen,2021-06-08T11:18:24.458+0200,4500
464,58837,PSH-222,luuk.naaijen,2021-06-10T16:32:32.733+0200,1800
465,58834,PSH-221,JIRAUSER12417,2021-06-03T13:39:59.312+0200,9000
466,58834,PSH-221,JIRAUSER12417,2021-06-07T01:23:44.129+0200,15300
467,58760,PSH-219,mitchell.diels,2021-05-31T15:43:18.366+0200,5400
468,58760,PSH-219,mitchell.diels,2021-05-31T15:44:08.866+0200,5400
469,58760,PSH-219,remy.van.velthuijsen,2021-05-31T15:54:22.195+0200,2700
470,58760,PSH-219,remy.van.velthuijsen,2021-06-09T12:36:24.239+0200,1800
471,58760,PSH-219,remy.van.velthuijsen,2021-06-11T09:00:37.907+0200,7200
472,58760,PSH-219,mitchell.diels,2021-06-11T13:18:03.573+0200,1800
473,58760,PSH-219,remy.van.velthuijsen,2021-06-11T13:45:14.835+0200,3600
474,58760,PSH-219,mitchell.diels,2021-06-11T14:09:43.714+0200,3600
475,58760,PSH-219,remy.van.velthuijsen,2021-06-11T15:17:07.649+0200,3600
476,58724,PSH-218,niels.van.de.put,2021-06-10T10:07:36.843+0200,9000
477,58724,PSH-218,niels.van.de.put,2021-06-10T10:07:53.332+0200,9000
478,58724,PSH-218,niels.van.de.put,2021-06-11T15:02:06.222+0200,3600
479,58724,PSH-218,niels.van.de.put,2021-06-15T14:39:53.630+0200,7200
480,58722,PSH-216,niels.van.de.put,2021-06-18T12:48:36.654+0200,3600
481,58722,PSH-216,niels.van.de.put,2021-06-21T12:58:57.211+0200,2700
482,58722,PSH-216,niels.van.de.put,2021-06-22T10:42:55.006+0200,10800
483,58722,PSH-216,niels.van.de.put,2021-06-25T15:19:40.564+0200,7200
484,58722,PSH-216,stijn.bastiaansen,2021-07-01T17:29:21.287+0200,10800
485,58722,PSH-216,stijn.bastiaansen,2021-07-02T17:47:17.753+0200,25200
486,58720,PSH-214,onno.klien.hofmeijer,2021-06-09T10:24:07.689+0200,900
487,58720,PSH-214,niels.van.de.put,2021-06-10T15:31:57.001+0200,1800
488,58720,PSH-214,mitchell.diels,2021-06-10T15:42:11.004+0200,900
489,58720,PSH-214,niels.van.de.put,2021-06-11T15:02:58.044+0200,3600
490,58720,PSH-214,niels.van.de.put,2021-06-14T15:07:16.904+0200,3600
491,58720,PSH-214,JIRAUSER12701,2021-06-21T09:56:54.436+0200,3600
492,58720,PSH-214,JIRAUSER12701,2021-06-21T14:25:12.412+0200,7200
493,58685,PSH-213,mitchell.diels,2021-06-07T19:29:35.035+0200,2700
494,58685,PSH-213,niels.van.de.put,2021-06-08T09:35:22.014+0200,3600
495,58685,PSH-213,niels.van.de.put,2021-06-08T11:22:29.235+0200,11700
496,58685,PSH-213,JIRAUSER12701,2021-06-09T17:20:56.286+0200,3600
497,58685,PSH-213,JIRAUSER12701,2021-06-09T17:21:34.505+0200,7200
498,58683,PSH-212,mitchell.diels,2021-06-22T11:55:25.465+0200,6300
499,58683,PSH-212,mitchell.diels,2021-06-24T09:35:32.952+0200,19800
500,58683,PSH-212,mitchell.diels,2021-06-25T12:11:25.739+0200,7200
501,58682,PSH-211,mitchell.diels,2021-06-08T15:29:53.856+0200,7200
502,58682,PSH-211,mitchell.diels,2021-06-23T10:31:30.963+0200,1800
503,58682,PSH-211,mitchell.diels,2021-06-28T11:12:06.204+0200,1800
504,58682,PSH-211,JIRAUSER12701,2021-06-28T13:31:57.757+0200,18000
505,58682,PSH-211,mitchell.diels,2021-06-28T17:18:10.083+0200,1800
506,58682,PSH-211,JIRAUSER12701,2021-06-28T17:20:55.204+0200,18000
507,58682,PSH-211,JIRAUSER12701,2021-06-29T14:38:31.673+0200,6300
508,58682,PSH-211,JIRAUSER12701,2021-06-29T14:38:42.297+0200,900
509,58681,PSH-210,mitchell.diels,2021-06-03T09:36:55.015+0200,24300
510,58681,PSH-210,mitchell.diels,2021-06-08T15:29:23.843+0200,14400
511,58681,PSH-210,mitchell.diels,2021-06-10T11:03:51.438+0200,21600
512,58681,PSH-210,mitchell.diels,2021-06-13T18:06:34.711+0200,3600
513,58681,PSH-210,mitchell.diels,2021-06-17T16:15:48.449+0200,8100
514,58680,PSH-209,mitchell.diels,2021-06-01T11:31:37.974+0200,900
515,58680,PSH-209,mitchell.diels,2021-06-09T11:31:40.853+0200,3600
516,58652,PSH-208,jesse.klaasse,2021-05-27T11:04:16.096+0200,1800
517,58560,PSH-207,luuk.naaijen,2021-05-25T18:04:23.283+0200,3600
518,58560,PSH-207,luuk.naaijen,2021-05-26T18:12:37.756+0200,3600
519,58560,PSH-207,luuk.naaijen,2021-05-26T18:12:48.529+0200,10800
520,58560,PSH-207,jesse.klaasse,2021-05-27T10:33:00.123+0200,900
521,58559,PSH-206,luuk.naaijen,2021-05-25T18:02:29.283+0200,3600
522,58559,PSH-206,luuk.naaijen,2021-05-25T18:02:53.934+0200,6300
523,58559,PSH-206,luuk.naaijen,2021-05-25T18:03:20.102+0200,7200
524,58559,PSH-206,luuk.naaijen,2021-05-25T18:03:33.710+0200,1800
525,58317,PSH-205,jesse.klaasse,2021-05-19T17:19:07.473+0200,1800
526,58316,PSH-204,jesse.klaasse,2021-05-20T12:35:07.343+0200,4500
527,58313,PSH-203,jesse.klaasse,2021-06-29T17:16:32.457+0200,12600
528,58086,PSH-201,JIRAUSER12603,2021-06-10T16:16:38.525+0200,16200
529,58086,PSH-201,onno.klien.hofmeijer,2021-06-17T11:22:10.759+0200,900
530,58086,PSH-201,niels.van.de.put,2021-06-17T11:57:28.104+0200,9000
531,58086,PSH-201,niels.van.de.put,2021-06-18T15:44:59.910+0200,900
532,58067,PSH-200,niels.van.de.put,2021-05-28T09:59:21.491+0200,7200
533,58067,PSH-200,niels.van.de.put,2021-05-28T10:28:09.338+0200,7200
534,58067,PSH-200,niels.van.de.put,2021-05-28T10:28:17.187+0200,7200
535,58053,PSH-199,JIRAUSER12417,2021-05-18T10:33:21.532+0200,2700
536,58053,PSH-199,JIRAUSER12417,2021-05-19T10:54:21.876+0200,3600
537,58053,PSH-199,JIRAUSER12417,2021-05-19T17:30:41.370+0200,1800
538,58053,PSH-199,JIRAUSER12417,2021-05-20T15:32:58.924+0200,1800
539,58037,PSH-198,JIRAUSER12417,2021-05-18T09:28:59.044+0200,1800
540,58037,PSH-198,JIRAUSER12417,2021-05-18T09:29:31.706+0200,8100
541,58037,PSH-198,JIRAUSER12417,2021-05-18T09:30:17.512+0200,14400
542,58037,PSH-198,JIRAUSER12417,2021-05-18T09:32:35.299+0200,1800
543,58037,PSH-198,luuk.naaijen,2021-05-18T10:41:31.200+0200,2100
544,58037,PSH-198,JIRAUSER12417,2021-05-18T12:12:33.626+0200,6300
545,58037,PSH-198,JIRAUSER12417,2021-05-18T22:55:56.466+0200,18000
546,58037,PSH-198,JIRAUSER12417,2021-05-18T22:57:04.595+0200,5400
547,58037,PSH-198,luuk.naaijen,2021-05-19T10:42:13.861+0200,3300
548,58037,PSH-198,JIRAUSER12417,2021-05-19T17:31:52.045+0200,10800
549,58037,PSH-198,JIRAUSER12417,2021-05-19T17:34:48.950+0200,1800
550,58037,PSH-198,luuk.naaijen,2021-05-20T18:28:04.051+0200,7200
551,58030,PSH-197,luuk.naaijen,2021-05-17T16:29:35.276+0200,3600
552,58030,PSH-197,luuk.naaijen,2021-05-19T15:22:51.664+0200,1200
553,58030,PSH-197,luuk.naaijen,2021-05-19T16:49:37.659+0200,600
554,58030,PSH-197,luuk.naaijen,2021-05-20T15:44:45.109+0200,1800
555,58024,PSH-196,JIRAUSER12417,2021-05-20T18:44:05.508+0200,9900
556,58024,PSH-196,JIRAUSER12417,2021-06-18T17:42:47.886+0200,22500
557,58024,PSH-196,JIRAUSER12417,2021-07-04T17:15:43.384+0200,18000
558,58024,PSH-196,JIRAUSER12417,2021-07-04T17:17:44.397+0200,12600
559,58024,PSH-196,luuk.naaijen,2021-07-05T16:17:19.915+0200,600
560,58023,PSH-195,jesse.klaasse,2021-05-17T14:24:22.251+0200,1800
561,58023,PSH-195,jesse.klaasse,2021-05-19T16:52:48.159+0200,900
562,58013,PSH-194,patrick.van.tilborg,2021-06-03T12:29:46.913+0200,7200
563,57905,PSH-192,jesse.klaasse,2021-05-12T13:58:34.932+0200,1800
564,57904,PSH-191,jesse.klaasse,2021-05-12T13:35:49.674+0200,14400
565,57872,PSH-190,JIRAUSER12417,2021-05-12T15:48:40.806+0200,21600
566,57872,PSH-190,JIRAUSER12417,2021-05-19T17:33:39.524+0200,9900
567,57869,PSH-189,mitchell.diels,2021-05-18T15:54:49.260+0200,3600
568,57869,PSH-189,remy.van.velthuijsen,2021-05-18T15:54:57.259+0200,3600
569,57859,PSH-187,niels.van.de.put,2021-05-28T15:53:32.259+0200,15300
570,57859,PSH-187,niels.van.de.put,2021-05-31T10:23:58.754+0200,7200
571,57859,PSH-187,niels.van.de.put,2021-05-31T12:43:42.446+0200,3600
572,57859,PSH-187,niels.van.de.put,2021-06-01T11:06:26.077+0200,2700
573,57858,PSH-186,onno.klien.hofmeijer,2021-05-27T17:30:30.647+0200,1800
574,57858,PSH-186,niels.van.de.put,2021-05-28T09:58:01.268+0200,12600
575,57857,PSH-185,niels.van.de.put,2021-05-31T16:17:42.935+0200,13500
576,57857,PSH-185,niels.van.de.put,2021-06-01T11:07:02.084+0200,14400
577,57857,PSH-185,onno.klien.hofmeijer,2021-06-01T12:59:34.422+0200,900
578,57857,PSH-185,onno.klien.hofmeijer,2021-06-01T12:59:39.416+0200,900
579,57857,PSH-185,niels.van.de.put,2021-06-01T14:08:44.146+0200,2700
580,57857,PSH-185,niels.van.de.put,2021-06-07T10:35:16.058+0200,3600
581,57857,PSH-185,onno.klien.hofmeijer,2021-06-07T14:39:40.567+0200,1800
582,57857,PSH-185,niels.van.de.put,2021-06-08T09:34:19.509+0200,3600
583,57857,PSH-185,niels.van.de.put,2021-06-16T12:45:22.657+0200,1800
584,57844,PSH-184,niels.van.de.put,2021-06-10T15:26:32.332+0200,9000
585,57844,PSH-184,JIRAUSER12603,2021-06-10T16:17:44.357+0200,12600
586,57844,PSH-184,JIRAUSER12603,2021-06-10T16:18:46.852+0200,28800
587,57844,PSH-184,niels.van.de.put,2021-06-11T11:22:28.274+0200,7200
588,57844,PSH-184,niels.van.de.put,2021-06-14T15:07:35.848+0200,7200
589,57836,PSH-183,mitchell.diels,2021-05-19T09:40:52.979+0200,3600
590,57836,PSH-183,mitchell.diels,2021-05-26T09:19:42.514+0200,3600
591,57833,PSH-182,remy.van.velthuijsen,2021-05-18T15:57:23.637+0200,4500
592,57833,PSH-182,mitchell.diels,2021-05-25T09:33:06.172+0200,1800
593,57833,PSH-182,remy.van.velthuijsen,2021-05-27T15:56:54.202+0200,3600
594,57833,PSH-182,remy.van.velthuijsen,2021-05-28T16:10:37.153+0200,4500
595,57833,PSH-182,mitchell.diels,2021-05-28T16:26:47.275+0200,1800
596,57815,PSH-181,JIRAUSER12417,2021-05-10T16:58:48.294+0200,18900
597,57632,PSH-179,luuk.naaijen,2021-05-04T18:07:13.272+0200,3600
598,57588,PSH-178,mitchell.diels,2021-05-28T10:17:21.756+0200,7200
599,57585,PSH-177,mitchell.diels,2021-05-06T09:32:18.403+0200,14400
600,57585,PSH-177,mitchell.diels,2021-05-06T13:35:07.177+0200,14400
601,57585,PSH-177,mitchell.diels,2021-06-07T19:30:04.780+0200,7200
602,57572,PSH-176,JIRAUSER12417,2021-06-07T13:36:48.969+0200,5400
603,57572,PSH-176,JIRAUSER12417,2021-06-07T18:13:28.406+0200,8100
604,57572,PSH-176,JIRAUSER12417,2021-06-07T18:14:10.719+0200,8100
605,57572,PSH-176,JIRAUSER12417,2021-06-15T09:42:31.957+0200,7200
606,57572,PSH-176,JIRAUSER12417,2021-06-15T09:43:04.876+0200,5400
607,57572,PSH-176,JIRAUSER12417,2021-06-15T13:52:50.484+0200,3600
608,57572,PSH-176,JIRAUSER12417,2021-06-16T10:40:11.252+0200,1800
609,57572,PSH-176,JIRAUSER12417,2021-06-17T20:53:41.076+0200,7200
610,57571,PSH-175,JIRAUSER12417,2021-05-11T16:54:19.048+0200,3600
611,57571,PSH-175,jesse.klaasse,2021-05-17T14:42:52.219+0200,900
612,57563,PSH-174,JIRAUSER12417,2021-05-03T14:09:52.516+0200,1800
613,57563,PSH-174,JIRAUSER12417,2021-05-03T16:12:27.754+0200,4500
614,57563,PSH-174,JIRAUSER12417,2021-05-10T16:57:39.880+0200,5400
615,57562,PSH-173,jesse.klaasse,2021-05-03T14:05:13.247+0200,1800
616,57561,PSH-172,luuk.naaijen,2021-05-03T14:03:38.067+0200,1800
617,57561,PSH-172,luuk.naaijen,2021-05-03T17:07:43.572+0200,3600
618,57561,PSH-172,luuk.naaijen,2021-05-10T16:48:02.051+0200,5400
619,57559,PSH-170,luuk.naaijen,2021-05-06T17:50:35.494+0200,900
620,57559,PSH-170,luuk.naaijen,2021-05-06T17:50:49.912+0200,11400
621,57559,PSH-170,luuk.naaijen,2021-05-06T17:50:57.625+0200,4800
622,57559,PSH-170,jesse.klaasse,2021-05-10T09:50:20.417+0200,900
623,57558,PSH-169,luuk.naaijen,2021-05-05T16:02:36.720+0200,1800
624,57558,PSH-169,luuk.naaijen,2021-05-05T18:19:34.050+0200,18000
625,57558,PSH-169,luuk.naaijen,2021-05-06T17:50:21.538+0200,9000
626,57557,PSH-168,luuk.naaijen,2021-05-10T18:14:00.491+0200,11700
627,57557,PSH-168,luuk.naaijen,2021-05-10T18:14:07.548+0200,5400
628,57557,PSH-168,luuk.naaijen,2021-05-10T18:14:16.238+0200,1800
629,57557,PSH-168,luuk.naaijen,2021-05-12T13:20:36.371+0200,1800
630,57557,PSH-168,luuk.naaijen,2021-05-12T13:20:52.527+0200,900
631,57557,PSH-168,luuk.naaijen,2021-05-12T13:21:11.029+0200,2400
632,57557,PSH-168,luuk.naaijen,2021-05-12T13:42:31.045+0200,1800
633,57557,PSH-168,luuk.naaijen,2021-05-26T18:13:04.964+0200,3600
634,57557,PSH-168,luuk.naaijen,2021-05-27T17:11:17.364+0200,2700
635,57557,PSH-168,luuk.naaijen,2021-05-27T17:11:30.355+0200,6300
636,57557,PSH-168,luuk.naaijen,2021-05-27T17:11:41.300+0200,10800
637,57557,PSH-168,luuk.naaijen,2021-06-04T14:59:38.235+0200,14400
638,57557,PSH-168,luuk.naaijen,2021-06-07T14:54:51.527+0200,10800
639,57557,PSH-168,luuk.naaijen,2021-06-07T17:39:12.607+0200,900
640,57556,PSH-167,jesse.klaasse,2021-05-10T17:13:26.619+0200,900
641,57556,PSH-167,jesse.klaasse,2021-05-25T19:31:45.466+0200,5400
642,57556,PSH-167,jesse.klaasse,2021-05-26T14:05:52.540+0200,5400
643,57555,PSH-166,jesse.klaasse,2021-05-10T17:13:18.667+0200,900
644,57555,PSH-166,jesse.klaasse,2021-05-25T16:16:05.030+0200,9000
645,57554,PSH-165,luuk.naaijen,2021-05-03T18:05:22.389+0200,3000
646,57554,PSH-165,luuk.naaijen,2021-05-04T18:08:14.110+0200,3600
647,57554,PSH-165,luuk.naaijen,2021-05-04T18:08:41.922+0200,1800
648,57554,PSH-165,luuk.naaijen,2021-05-04T18:08:59.924+0200,900
649,57554,PSH-165,luuk.naaijen,2021-05-04T18:09:15.489+0200,900
650,57554,PSH-165,luuk.naaijen,2021-05-05T16:01:00.262+0200,4500
651,57554,PSH-165,luuk.naaijen,2021-05-05T16:02:11.897+0200,1800
652,57553,PSH-164,JIRAUSER12417,2021-05-20T11:26:39.177+0200,6300
653,57553,PSH-164,jesse.klaasse,2021-05-20T11:35:49.485+0200,900
654,57502,PSH-163,mitchell.diels,2021-05-05T13:41:42.424+0200,14400
655,57502,PSH-163,mitchell.diels,2021-05-07T14:42:01.129+0200,3600
656,57502,PSH-163,mitchell.diels,2021-05-12T08:56:09.274+0200,1800
657,57502,PSH-163,mitchell.diels,2021-05-12T14:19:00.451+0200,1800
658,57502,PSH-163,mitchell.diels,2021-05-28T16:26:00.314+0200,1800
659,57363,PSH-161,mitchell.diels,2021-05-05T13:43:35.474+0200,3600
660,57363,PSH-161,remy.van.velthuijsen,2021-05-06T09:10:23.588+0200,3600
661,57362,PSH-160,remy.van.velthuijsen,2021-05-07T10:20:50.190+0200,3600
662,57362,PSH-160,remy.van.velthuijsen,2021-05-07T15:02:17.166+0200,1800
663,57362,PSH-160,remy.van.velthuijsen,2021-05-11T13:36:49.458+0200,3600
664,57362,PSH-160,remy.van.velthuijsen,2021-05-11T16:37:38.980+0200,7200
665,57360,PSH-159,JIRAUSER12603,2021-05-12T16:49:07.972+0200,28800
666,57359,PSH-158,JIRAUSER12603,2021-05-12T16:12:16.706+0200,28800
667,57359,PSH-158,JIRAUSER12603,2021-06-10T16:20:34.242+0200,27000
668,57357,PSH-157,niels.van.de.put,2021-05-10T16:00:09.172+0200,10800
669,57357,PSH-157,niels.van.de.put,2021-05-11T13:09:19.699+0200,7200
670,57357,PSH-157,mitchell.diels,2021-05-11T14:28:21.294+0200,1800
671,57357,PSH-157,niels.van.de.put,2021-05-12T10:04:23.670+0200,3600
672,57357,PSH-157,niels.van.de.put,2021-05-12T14:35:52.676+0200,1800
673,57357,PSH-157,niels.van.de.put,2021-05-17T09:22:34.336+0200,1800
674,57357,PSH-157,niels.van.de.put,2021-05-27T10:04:46.906+0200,1800
675,57356,PSH-156,mitchell.diels,2021-05-07T14:41:21.879+0200,7200
676,57356,PSH-156,mitchell.diels,2021-05-07T14:41:31.358+0200,14400
677,57200,PSH-155,mitchell.diels,2021-05-05T13:13:19.837+0200,18000
678,57052,PSH-154,luuk.naaijen,2021-04-21T17:18:11.813+0200,7200
679,57022,PSH-153,remy.van.velthuijsen,2021-04-20T16:58:44.945+0200,1800
680,57022,PSH-153,remy.van.velthuijsen,2021-04-26T08:21:29.422+0200,2700
681,57022,PSH-153,remy.van.velthuijsen,2021-04-26T11:15:28.347+0200,900
682,57015,PSH-152,JIRAUSER12202,2021-04-26T10:03:26.274+0200,16500
683,57013,PSH-151,JIRAUSER12202,2021-04-26T10:01:42.063+0200,5700
684,57013,PSH-151,luuk.naaijen,2021-04-29T15:28:12.057+0200,5400
685,57013,PSH-151,JIRAUSER12202,2021-04-29T16:50:02.940+0200,14400
686,57011,PSH-150,jesse.klaasse,2021-04-20T14:40:42.083+0200,3600
687,57011,PSH-150,JIRAUSER12417,2021-04-20T14:41:09.148+0200,3600
688,57011,PSH-150,luuk.naaijen,2021-04-20T15:02:53.768+0200,3600
689,57009,PSH-148,luuk.naaijen,2021-04-28T18:05:38.397+0200,3600
690,57009,PSH-148,luuk.naaijen,2021-04-29T13:16:51.514+0200,900
691,57009,PSH-148,luuk.naaijen,2021-04-29T13:17:06.074+0200,9900
692,57008,PSH-147,luuk.naaijen,2021-04-22T17:58:23.307+0200,4500
693,57008,PSH-147,luuk.naaijen,2021-04-22T17:58:40.285+0200,18000
694,57008,PSH-147,luuk.naaijen,2021-04-23T14:20:19.857+0200,1200
695,57008,PSH-147,luuk.naaijen,2021-04-28T15:21:18.321+0200,1200
696,57007,PSH-146,JIRAUSER12417,2021-04-21T22:22:49.876+0200,12600
697,57007,PSH-146,JIRAUSER12417,2021-05-03T11:33:03.564+0200,3600
698,57007,PSH-146,luuk.naaijen,2021-05-03T11:33:11.628+0200,3600
699,57007,PSH-146,JIRAUSER12417,2021-05-03T14:04:08.308+0200,5400
700,57007,PSH-146,JIRAUSER12417,2021-05-03T17:48:12.307+0200,3600
701,57007,PSH-146,JIRAUSER12417,2021-05-03T17:48:41.674+0200,5700
702,57007,PSH-146,JIRAUSER12417,2021-05-07T17:55:44.649+0200,7200
703,57007,PSH-146,JIRAUSER12417,2021-05-11T16:51:15.091+0200,7200
704,57007,PSH-146,JIRAUSER12417,2021-05-18T23:31:07.704+0200,1800
705,57003,PSH-145,JIRAUSER12417,2021-04-26T11:19:14.447+0200,5400
706,57003,PSH-145,JIRAUSER12417,2021-04-26T17:56:15.260+0200,7200
707,57003,PSH-145,JIRAUSER12417,2021-04-29T23:29:41.347+0200,10800
708,57003,PSH-145,JIRAUSER12417,2021-04-29T23:30:19.754+0200,3600
709,57003,PSH-145,luuk.naaijen,2021-05-12T15:04:50.507+0200,1800
710,57003,PSH-145,luuk.naaijen,2021-05-19T14:29:29.814+0200,1800
711,57001,PSH-144,luuk.naaijen,2021-04-20T17:54:10.984+0200,1800
712,57001,PSH-144,JIRAUSER12417,2021-04-20T17:58:22.647+0200,9000
713,56968,PSH-143,jesse.klaasse,2021-04-20T13:58:37.190+0200,5400
714,56968,PSH-143,jesse.klaasse,2021-04-20T15:16:06.282+0200,1800
715,56932,PSH-142,patrick.van.tilborg,2021-04-19T10:09:36.299+0200,21600
716,56932,PSH-142,patrick.van.tilborg,2021-04-19T10:09:55.000+0200,10800
717,56759,PSH-139,patrick.van.tilborg,2021-05-08T10:03:46.269+0200,3600
718,56759,PSH-139,patrick.van.tilborg,2021-05-08T10:03:58.642+0200,3600
719,56759,PSH-139,patrick.van.tilborg,2021-05-27T10:21:46.925+0200,7200
720,56759,PSH-139,patrick.van.tilborg,2021-05-27T10:21:59.917+0200,7200
721,56758,PSH-138,patrick.van.tilborg,2021-05-03T09:03:14.051+0200,3600
722,56758,PSH-138,patrick.van.tilborg,2021-05-03T09:03:21.689+0200,3600
723,56758,PSH-138,patrick.van.tilborg,2021-05-03T09:03:59.731+0200,7200
724,56757,PSH-137,patrick.van.tilborg,2021-04-26T09:52:43.666+0200,7200
725,56757,PSH-137,patrick.van.tilborg,2021-04-26T09:52:51.299+0200,14400
726,56757,PSH-137,patrick.van.tilborg,2021-04-26T09:53:32.767+0200,21600
727,56757,PSH-137,patrick.van.tilborg,2021-04-26T09:53:37.602+0200,14400
728,56752,PSH-136,remy.van.velthuijsen,2021-04-26T16:36:22.148+0200,2700
729,56752,PSH-136,remy.van.velthuijsen,2021-04-29T16:31:56.385+0200,900
730,56752,PSH-136,remy.van.velthuijsen,2021-04-30T15:21:28.789+0200,4500
731,56752,PSH-136,remy.van.velthuijsen,2021-05-03T10:08:17.426+0200,3600
732,56751,PSH-135,niels.van.de.put,2021-06-02T08:28:03.641+0200,8100
733,56751,PSH-135,niels.van.de.put,2021-06-02T08:32:29.195+0200,14400
734,56751,PSH-135,niels.van.de.put,2021-06-03T16:47:00.010+0200,14400
735,56751,PSH-135,niels.van.de.put,2021-06-04T11:35:46.760+0200,12600
736,56751,PSH-135,niels.van.de.put,2021-06-07T10:34:59.853+0200,3600
737,56751,PSH-135,niels.van.de.put,2021-06-08T09:34:31.029+0200,2700
738,56751,PSH-135,niels.van.de.put,2021-06-21T11:02:59.651+0200,1800
739,56750,PSH-134,remy.van.velthuijsen,2021-04-29T16:25:24.021+0200,18000
740,56750,PSH-134,onno.klien.hofmeijer,2021-04-30T09:14:33.324+0200,900
741,56747,PSH-132,onno.klien.hofmeijer,2021-06-29T09:04:40.537+0200,18000
742,56747,PSH-132,onno.klien.hofmeijer,2021-07-05T13:00:50.422+0200,7200
743,56746,PSH-131,niels.van.de.put,2021-06-14T15:08:25.313+0200,2700
744,56746,PSH-131,niels.van.de.put,2021-06-15T13:28:02.877+0200,14400
745,56746,PSH-131,niels.van.de.put,2021-06-16T10:55:21.280+0200,7200
746,56746,PSH-131,niels.van.de.put,2021-06-17T11:57:37.801+0200,3600
747,56746,PSH-131,niels.van.de.put,2021-06-21T11:03:29.200+0200,900
748,56746,PSH-131,niels.van.de.put,2021-06-25T15:20:01.297+0200,10800
749,56745,PSH-130,niels.van.de.put,2021-05-31T16:17:21.069+0200,2700
750,56745,PSH-130,bram.kersten,2021-06-09T07:43:11.884+0200,1800
751,56745,PSH-130,niels.van.de.put,2021-06-11T15:03:30.943+0200,9000
752,56745,PSH-130,mitchell.diels,2021-06-13T18:04:04.553+0200,7200
753,56745,PSH-130,mitchell.diels,2021-06-13T18:04:20.473+0200,1800
754,56745,PSH-130,mitchell.diels,2021-06-13T18:06:19.199+0200,1800
755,56745,PSH-130,niels.van.de.put,2021-06-18T08:44:09.060+0200,3600
756,56745,PSH-130,niels.van.de.put,2021-06-21T11:03:15.533+0200,900
757,56744,PSH-129,mitchell.diels,2021-05-17T09:40:32.449+0200,26100
758,56744,PSH-129,onno.klien.hofmeijer,2021-05-17T11:37:53.822+0200,1800
759,56744,PSH-129,niels.van.de.put,2021-05-27T10:05:08.306+0200,3600
760,56744,PSH-129,niels.van.de.put,2021-05-28T10:02:59.799+0200,1800
761,56744,PSH-129,niels.van.de.put,2021-05-28T10:04:59.889+0200,1800
762,56744,PSH-129,mitchell.diels,2021-05-28T10:17:54.089+0200,7200
763,56743,PSH-128,mitchell.diels,2021-05-12T14:12:37.326+0200,7200
764,56742,PSH-127,onno.klien.hofmeijer,2021-04-21T15:03:30.721+0200,900
765,56742,PSH-127,mitchell.diels,2021-04-22T09:33:42.584+0200,14400
766,56742,PSH-127,mitchell.diels,2021-04-22T16:08:11.400+0200,18000
767,56741,PSH-126,onno.klien.hofmeijer,2021-04-28T10:38:43.735+0200,18900
768,56741,PSH-126,onno.klien.hofmeijer,2021-04-28T10:39:51.844+0200,9000
769,56740,PSH-125,mitchell.diels,2021-04-20T16:00:39.600+0200,3600
770,56740,PSH-125,mitchell.diels,2021-04-20T16:05:54.262+0200,9000
771,56740,PSH-125,mitchell.diels,2021-04-21T10:45:14.561+0200,4500
772,56740,PSH-125,mitchell.diels,2021-04-22T14:06:58.488+0200,7200
773,56739,PSH-124,remy.van.velthuijsen,2021-04-19T16:53:53.712+0200,9000
774,56737,PSH-122,remy.van.velthuijsen,2021-06-28T16:22:54.385+0200,5400
775,56737,PSH-122,mitchell.diels,2021-06-28T17:19:03.836+0200,1800
776,56737,PSH-122,remy.van.velthuijsen,2021-07-05T16:07:41.982+0200,5400
777,56737,PSH-122,mitchell.diels,2021-07-05T16:32:18.980+0200,5400
778,56737,PSH-122,mitchell.diels,2021-07-05T16:50:16.125+0200,1800
779,56736,PSH-121,remy.van.velthuijsen,2021-06-14T15:43:47.124+0200,2700
780,56736,PSH-121,remy.van.velthuijsen,2021-06-21T11:02:51.057+0200,3600
781,56736,PSH-121,mitchell.diels,2021-06-21T15:35:12.562+0200,1800
782,56736,PSH-121,remy.van.velthuijsen,2021-06-21T16:11:47.630+0200,2700
783,56736,PSH-121,mitchell.diels,2021-06-24T13:57:37.485+0200,2700
784,56736,PSH-121,remy.van.velthuijsen,2021-06-24T14:05:01.196+0200,2700
785,56736,PSH-121,remy.van.velthuijsen,2021-06-24T14:42:12.559+0200,1800
786,56736,PSH-121,remy.van.velthuijsen,2021-06-25T15:33:49.791+0200,7200
787,56734,PSH-119,remy.van.velthuijsen,2021-05-31T15:56:30.244+0200,4500
788,56734,PSH-119,mitchell.diels,2021-06-04T12:34:46.452+0200,7200
789,56734,PSH-119,mitchell.diels,2021-06-07T09:39:01.146+0200,2700
790,56734,PSH-119,mitchell.diels,2021-06-07T19:33:46.412+0200,900
791,56734,PSH-119,niels.van.de.put,2021-06-08T09:36:48.265+0200,900
792,56733,PSH-118,remy.van.velthuijsen,2021-05-18T08:14:43.983+0200,5400
793,56733,PSH-118,remy.van.velthuijsen,2021-05-18T08:25:41.382+0200,2700
794,56733,PSH-118,mitchell.diels,2021-05-18T08:35:58.076+0200,2700
795,56731,PSH-117,remy.van.velthuijsen,2021-05-03T16:33:23.243+0200,2700
796,56731,PSH-117,remy.van.velthuijsen,2021-05-06T09:18:35.619+0200,900
797,56731,PSH-117,niels.van.de.put,2021-05-10T16:05:37.126+0200,900
798,56730,PSH-116,remy.van.velthuijsen,2021-04-21T17:40:18.218+0200,1800
799,56730,PSH-116,remy.van.velthuijsen,2021-04-28T16:31:22.580+0200,3600
800,56730,PSH-116,remy.van.velthuijsen,2021-04-29T16:25:52.160+0200,1800
801,56723,PSH-115,luuk.naaijen,2021-04-15T14:18:50.355+0200,7200
802,56723,PSH-115,luuk.naaijen,2021-04-15T14:19:02.486+0200,3600
803,56723,PSH-115,jesse.klaasse,2021-04-19T17:28:18.599+0200,900
804,56713,PSH-114,luuk.naaijen,2021-04-15T10:30:11.015+0200,1800
805,56713,PSH-114,luuk.naaijen,2021-04-15T17:55:13.031+0200,14400
806,56713,PSH-114,luuk.naaijen,2021-04-19T17:57:33.362+0200,16200
807,56713,PSH-114,luuk.naaijen,2021-04-20T15:03:39.417+0200,900
808,56713,PSH-114,luuk.naaijen,2021-04-20T15:04:07.293+0200,12600
809,56713,PSH-114,luuk.naaijen,2021-04-20T17:54:24.302+0200,900
810,56713,PSH-114,luuk.naaijen,2021-04-20T17:59:57.286+0200,900
811,56713,PSH-114,luuk.naaijen,2021-04-20T18:02:31.506+0200,7200
812,56713,PSH-114,luuk.naaijen,2021-04-21T18:07:38.281+0200,4500
813,56713,PSH-114,luuk.naaijen,2021-04-21T18:07:58.605+0200,3600
814,56713,PSH-114,luuk.naaijen,2021-04-21T18:08:05.294+0200,5400
815,56713,PSH-114,luuk.naaijen,2021-04-21T18:08:16.403+0200,3600
816,56713,PSH-114,luuk.naaijen,2021-04-22T17:58:06.144+0200,5400
817,56713,PSH-114,jaap.van.hengstum,2021-04-23T08:15:53.321+0200,900
818,56519,PSH-112,luuk.naaijen,2021-04-08T16:24:53.361+0200,5100
819,56519,PSH-112,luuk.naaijen,2021-04-12T17:30:45.072+0200,7200
820,56519,PSH-112,luuk.naaijen,2021-04-13T12:06:23.217+0200,3600
821,56519,PSH-112,luuk.naaijen,2021-04-19T17:57:21.160+0200,1800
822,56429,PSH-111,luuk.naaijen,2021-04-07T11:45:30.372+0200,1800
823,56429,PSH-111,luuk.naaijen,2021-04-07T17:10:24.518+0200,5400
824,56429,PSH-111,luuk.naaijen,2021-04-08T16:51:36.469+0200,3600
825,56412,PSH-110,luuk.naaijen,2021-04-06T17:20:00.600+0200,900
826,56412,PSH-110,luuk.naaijen,2021-04-06T17:20:22.239+0200,12600
827,56412,PSH-110,luuk.naaijen,2021-04-07T10:28:40.409+0200,2700
828,56187,PSH-109,patrick.van.tilborg,2021-04-14T08:27:31.497+0200,21600
829,56187,PSH-109,patrick.van.tilborg,2021-04-14T08:27:39.386+0200,21600
830,56187,PSH-109,patrick.van.tilborg,2021-04-14T08:29:35.458+0200,3600
831,56187,PSH-109,patrick.van.tilborg,2021-04-14T08:29:51.288+0200,3600
832,55869,PSH-108,luuk.naaijen,2021-03-31T17:09:17.789+0200,14400
833,55869,PSH-108,luuk.naaijen,2021-04-01T17:07:15.547+0200,4500
834,55869,PSH-108,luuk.naaijen,2021-04-01T17:07:22.410+0200,7200
835,55869,PSH-108,luuk.naaijen,2021-04-01T17:07:56.409+0200,7200
836,55842,PSH-107,luuk.naaijen,2021-03-30T18:07:57.372+0200,7200
837,55842,PSH-107,luuk.naaijen,2021-04-01T18:08:25.906+0200,3600
838,55842,PSH-107,luuk.naaijen,2021-04-07T13:37:32.447+0200,7200
839,55842,PSH-107,luuk.naaijen,2021-04-14T15:42:20.781+0200,4500
840,55842,PSH-107,luuk.naaijen,2021-04-14T15:42:34.362+0200,2400
841,55842,PSH-107,luuk.naaijen,2021-04-14T15:42:41.095+0200,8100
842,55648,PSH-105,JIRAUSER12417,2021-04-23T13:33:01.067+0200,9000
843,55648,PSH-105,JIRAUSER12417,2021-04-29T23:28:07.466+0200,16200
844,55648,PSH-105,JIRAUSER12417,2021-05-07T17:54:26.165+0200,21600
845,55648,PSH-105,JIRAUSER12417,2021-05-10T17:16:02.506+0200,3600
846,55648,PSH-105,JIRAUSER12417,2021-05-16T23:37:37.688+0200,9000
847,55648,PSH-105,JIRAUSER12417,2021-05-20T18:45:50.719+0200,8100
848,55647,PSH-104,luuk.naaijen,2021-03-29T12:16:40.497+0200,7200
849,55646,PSH-103,luuk.naaijen,2021-03-29T17:57:56.542+0200,1800
850,55646,PSH-103,luuk.naaijen,2021-03-30T11:36:06.737+0200,900
851,55646,PSH-103,luuk.naaijen,2021-03-30T11:36:15.690+0200,3600
852,55645,PSH-102,luuk.naaijen,2021-03-29T16:56:05.907+0200,4500
853,55645,PSH-102,luuk.naaijen,2021-03-29T17:57:36.894+0200,2700
854,55642,PSH-99,JIRAUSER12417,2021-05-11T16:53:15.984+0200,15300
855,55642,PSH-99,JIRAUSER12417,2021-05-11T18:12:51.372+0200,3600
856,55641,PSH-98,jesse.klaasse,2021-05-03T16:39:56.990+0200,1800
857,55639,PSH-96,luuk.naaijen,2021-03-25T10:55:41.731+0100,2700
858,55639,PSH-96,luuk.naaijen,2021-03-26T10:22:13.151+0100,600
859,55639,PSH-96,luuk.naaijen,2021-03-30T13:24:56.083+0200,2100
860,55638,PSH-95,jesse.klaasse,2021-03-24T13:31:23.590+0100,3600
861,55638,PSH-95,jesse.klaasse,2021-03-29T11:35:50.701+0200,900
862,55638,PSH-95,jesse.klaasse,2021-03-29T16:52:35.533+0200,7200
863,55638,PSH-95,jesse.klaasse,2021-04-01T12:19:01.226+0200,4500
864,55609,PSH-94,luuk.naaijen,2021-03-23T17:50:04.023+0100,4500
865,55609,PSH-94,luuk.naaijen,2021-03-23T17:50:14.773+0100,4500
866,55609,PSH-94,luuk.naaijen,2021-03-30T17:45:49.636+0200,2400
867,55608,PSH-93,luuk.naaijen,2021-03-23T17:49:20.252+0100,1800
868,55608,PSH-93,luuk.naaijen,2021-03-24T14:13:31.045+0100,4500
869,55608,PSH-93,luuk.naaijen,2021-03-29T17:23:04.612+0200,6300
870,55608,PSH-93,luuk.naaijen,2021-03-30T16:51:13.757+0200,3000
871,55608,PSH-93,luuk.naaijen,2021-04-01T17:08:12.500+0200,3600
872,55326,PSH-92,jesse.klaasse,2021-03-16T17:19:01.938+0100,1800
873,55326,PSH-92,luuk.naaijen,2021-03-16T17:58:18.860+0100,13500
874,55326,PSH-92,luuk.naaijen,2021-03-16T17:58:42.133+0100,3600
875,55326,PSH-92,jesse.klaasse,2021-03-17T11:25:28.888+0100,5400
876,55326,PSH-92,luuk.naaijen,2021-03-17T17:19:45.742+0100,3600
877,55326,PSH-92,luuk.naaijen,2021-03-17T17:19:54.103+0100,2700
878,55326,PSH-92,luuk.naaijen,2021-03-17T17:24:04.041+0100,7200
879,55326,PSH-92,luuk.naaijen,2021-03-18T17:54:41.586+0100,900
880,55326,PSH-92,luuk.naaijen,2021-03-18T17:55:04.657+0100,9000
881,55326,PSH-92,luuk.naaijen,2021-03-18T17:55:37.282+0100,7500
882,55326,PSH-92,luuk.naaijen,2021-03-18T17:56:26.247+0100,1800
883,55325,PSH-91,luuk.naaijen,2021-03-30T18:06:16.200+0200,1800
884,55325,PSH-91,luuk.naaijen,2021-03-31T17:08:24.858+0200,900
885,55325,PSH-91,luuk.naaijen,2021-03-31T17:08:37.350+0200,1800
886,55255,PSH-90,jesse.klaasse,2021-03-16T11:44:09.828+0100,1800
887,55193,PSH-89,luuk.naaijen,2021-03-15T16:14:36.894+0100,4200
888,55189,PSH-88,luuk.naaijen,2021-03-15T13:56:27.958+0100,900
889,55189,PSH-88,luuk.naaijen,2021-03-15T13:56:49.498+0100,7200
890,54926,PSH-87,luuk.naaijen,2021-03-11T17:48:53.683+0100,2700
891,54926,PSH-87,jesse.klaasse,2021-03-18T17:16:34.095+0100,1800
892,54926,PSH-87,luuk.naaijen,2021-03-25T13:21:51.974+0100,600
893,54440,PSH-85,luuk.naaijen,2021-03-04T17:53:22.781+0100,1800
894,54337,PSH-84,luuk.naaijen,2021-03-03T18:21:17.818+0100,6300
895,54337,PSH-84,luuk.naaijen,2021-03-03T18:21:30.302+0100,3600
896,54337,PSH-84,luuk.naaijen,2021-03-03T18:21:38.618+0100,12600
897,54337,PSH-84,luuk.naaijen,2021-03-04T17:53:47.593+0100,26100
898,54337,PSH-84,luuk.naaijen,2021-03-08T18:19:25.196+0100,5400
899,54337,PSH-84,luuk.naaijen,2021-03-08T18:22:37.921+0100,900
900,54337,PSH-84,luuk.naaijen,2021-03-16T09:28:21.086+0100,1800
901,54337,PSH-84,luuk.naaijen,2021-03-16T17:59:02.471+0100,10800
902,54337,PSH-84,luuk.naaijen,2021-03-17T17:25:18.053+0100,3600
903,54146,PSH-82,luuk.naaijen,2021-03-01T17:41:32.874+0100,7200
904,54146,PSH-82,luuk.naaijen,2021-03-01T17:41:45.732+0100,4500
905,54146,PSH-82,luuk.naaijen,2021-03-02T11:59:21.579+0100,900
906,54146,PSH-82,luuk.naaijen,2021-03-02T17:29:32.297+0100,7200
907,54146,PSH-82,luuk.naaijen,2021-03-02T17:29:39.582+0100,9000
908,53903,PSH-80,luuk.naaijen,2021-02-25T11:10:48.432+0100,2400
909,53903,PSH-80,luuk.naaijen,2021-02-25T17:55:56.173+0100,1200
910,53874,PSH-78,remy.van.velthuijsen,2021-04-12T13:03:48.721+0200,7200
911,53874,PSH-78,remy.van.velthuijsen,2021-04-14T09:34:58.798+0200,7200
912,53874,PSH-78,remy.van.velthuijsen,2021-04-15T13:58:02.077+0200,2700
913,53874,PSH-78,remy.van.velthuijsen,2021-04-15T16:25:15.815+0200,3600
914,53868,PSH-72,remy.van.velthuijsen,2021-04-26T11:15:17.526+0200,1800
915,53748,PSH-70,luuk.naaijen,2021-02-22T18:14:41.605+0100,7200
916,53748,PSH-70,luuk.naaijen,2021-02-23T12:36:48.368+0100,9900
917,53644,PSH-69,jesse.klaasse,2021-02-22T10:56:42.890+0100,900
918,53644,PSH-69,jesse.klaasse,2021-02-22T17:32:44.403+0100,5400
919,53644,PSH-69,jesse.klaasse,2021-02-24T17:33:24.883+0100,2700
920,53644,PSH-69,jesse.klaasse,2021-02-25T17:34:23.121+0100,1800
921,53644,PSH-69,jesse.klaasse,2021-03-02T13:49:20.411+0100,2700
922,53271,PSH-68,patrick.van.tilborg,2021-03-18T10:41:27.581+0100,7200
923,53271,PSH-68,patrick.van.tilborg,2021-03-22T07:23:17.997+0100,21600
924,53271,PSH-68,patrick.van.tilborg,2021-03-22T07:23:26.082+0100,21600
925,53267,PSH-67,patrick.van.tilborg,2021-03-10T08:20:08.996+0100,14400
926,53267,PSH-67,patrick.van.tilborg,2021-03-10T16:32:03.719+0100,21600
927,53267,PSH-67,patrick.van.tilborg,2021-03-10T16:32:19.275+0100,7200
928,53266,PSH-66,patrick.van.tilborg,2021-04-06T09:42:32.088+0200,21600
929,53266,PSH-66,patrick.van.tilborg,2021-04-06T09:42:40.603+0200,25200
930,53266,PSH-66,patrick.van.tilborg,2021-04-06T09:44:06.006+0200,21600
931,53266,PSH-66,patrick.van.tilborg,2021-04-06T09:44:13.035+0200,14400
932,53265,PSH-65,patrick.van.tilborg,2021-03-29T11:19:11.238+0200,14400
933,53265,PSH-65,patrick.van.tilborg,2021-03-29T11:19:23.402+0200,10800
934,53265,PSH-65,patrick.van.tilborg,2021-03-29T11:19:29.824+0200,10800
935,53265,PSH-65,patrick.van.tilborg,2021-03-29T11:19:41.142+0200,7200
936,53264,PSH-64,patrick.van.tilborg,2021-03-03T10:18:35.030+0100,7200
937,53264,PSH-64,patrick.van.tilborg,2021-03-05T17:31:24.722+0100,28800
938,53264,PSH-64,patrick.van.tilborg,2021-03-05T17:31:33.114+0100,7200
939,53264,PSH-64,patrick.van.tilborg,2021-03-05T17:31:52.412+0100,7200
940,53263,PSH-63,patrick.van.tilborg,2021-03-01T07:58:24.185+0100,28800
941,53263,PSH-63,patrick.van.tilborg,2021-03-01T07:58:34.870+0100,7200
942,53213,PSH-61,luuk.naaijen,2021-02-11T17:36:50.976+0100,2700
943,53212,PSH-60,luuk.naaijen,2021-02-11T17:37:44.239+0100,15300
944,53212,PSH-60,luuk.naaijen,2021-02-11T17:40:05.138+0100,3900
945,53211,PSH-59,luuk.naaijen,2021-02-11T17:39:15.450+0100,4200
946,53211,PSH-59,luuk.naaijen,2021-02-11T17:39:33.761+0100,600
947,53211,PSH-59,luuk.naaijen,2021-02-16T15:29:56.441+0100,9900
948,53107,PSH-58,luuk.naaijen,2021-02-09T17:36:40.488+0100,1800
949,53107,PSH-58,luuk.naaijen,2021-02-10T11:31:18.282+0100,6300
950,52211,PSH-57,luuk.naaijen,2021-01-25T15:37:58.498+0100,1800
951,52211,PSH-57,luuk.naaijen,2021-01-28T12:40:02.717+0100,3600
952,52209,PSH-56,jesse.klaasse,2021-01-25T16:19:00.869+0100,2700
953,52209,PSH-56,jesse.klaasse,2021-02-08T10:47:31.882+0100,900
954,52209,PSH-56,jesse.klaasse,2021-02-11T17:24:14.694+0100,1800
955,52205,PSH-55,jesse.klaasse,2021-01-25T14:40:34.794+0100,900
956,52205,PSH-55,jesse.klaasse,2021-01-25T15:28:26.960+0100,1800
957,52205,PSH-55,jesse.klaasse,2021-01-28T12:36:28.489+0100,3600
958,51918,PSH-54,jesse.klaasse,2021-02-22T17:31:24.481+0100,1800
959,51918,PSH-54,jesse.klaasse,2021-02-23T14:00:57.579+0100,5400
960,51918,PSH-54,luuk.naaijen,2021-02-24T17:32:33.685+0100,3600
961,51918,PSH-54,luuk.naaijen,2021-02-25T17:55:09.834+0100,900
962,51918,PSH-54,luuk.naaijen,2021-02-25T17:55:20.649+0100,1200
963,51917,PSH-53,jesse.klaasse,2021-01-21T10:27:32.651+0100,1800
964,51917,PSH-53,luuk.naaijen,2021-01-21T18:25:51.389+0100,11700
965,51917,PSH-53,luuk.naaijen,2021-01-21T18:26:03.684+0100,1800
966,51601,PSH-52,jesse.klaasse,2021-01-18T11:13:24.033+0100,2700
967,51601,PSH-52,jesse.klaasse,2021-01-21T10:30:29.419+0100,900
968,51601,PSH-52,luuk.naaijen,2021-01-21T18:27:23.754+0100,5400
969,51260,PSH-51,luuk.naaijen,2021-01-26T18:01:54.708+0100,1800
970,51260,PSH-51,luuk.naaijen,2021-01-27T17:31:54.734+0100,15300
971,51260,PSH-51,jesse.klaasse,2021-02-05T09:27:50.737+0100,900
972,51259,PSH-50,luuk.naaijen,2021-01-27T17:34:37.142+0100,10800
973,51258,PSH-49,luuk.naaijen,2021-02-16T18:10:23.208+0100,9000
974,51258,PSH-49,luuk.naaijen,2021-02-17T18:39:07.198+0100,7200
975,51258,PSH-49,luuk.naaijen,2021-02-18T09:58:02.276+0100,900
976,51256,PSH-47,luuk.naaijen,2021-02-10T17:56:01.667+0100,1200
977,51256,PSH-47,luuk.naaijen,2021-02-10T17:56:23.349+0100,18600
978,51256,PSH-47,luuk.naaijen,2021-02-16T18:10:14.950+0100,5400
979,51256,PSH-47,luuk.naaijen,2021-02-17T18:38:50.514+0100,3600
980,51255,PSH-46,luuk.naaijen,2021-02-17T18:39:22.002+0100,17100
981,51254,PSH-45,luuk.naaijen,2021-02-03T17:55:14.739+0100,15300
982,51254,PSH-45,luuk.naaijen,2021-02-04T17:23:51.248+0100,12600
983,51254,PSH-45,jesse.klaasse,2021-02-05T09:28:22.029+0100,900
984,51253,PSH-44,luuk.naaijen,2021-02-04T17:24:33.852+0100,14400
985,51253,PSH-44,jesse.klaasse,2021-02-05T09:28:12.191+0100,900
986,51252,PSH-43,luuk.naaijen,2021-01-13T17:42:41.674+0100,9000
987,51252,PSH-43,luuk.naaijen,2021-01-14T17:40:36.851+0100,5400
988,51252,PSH-43,luuk.naaijen,2021-01-14T17:40:52.393+0100,4800
989,51252,PSH-43,luuk.naaijen,2021-01-14T17:41:17.492+0100,5400
990,51252,PSH-43,jesse.klaasse,2021-02-05T09:27:26.117+0100,900
991,51251,PSH-42,luuk.naaijen,2021-01-12T18:00:45.168+0100,9000
992,51251,PSH-42,luuk.naaijen,2021-01-13T17:37:01.852+0100,18900
993,51251,PSH-42,jesse.klaasse,2021-02-05T09:27:16.294+0100,900
994,51250,PSH-41,luuk.naaijen,2021-01-14T17:41:58.620+0100,3600
995,51250,PSH-41,luuk.naaijen,2021-01-20T17:59:52.584+0100,12900
996,51250,PSH-41,luuk.naaijen,2021-01-21T18:26:31.421+0100,3600
997,51248,PSH-39,luuk.naaijen,2021-01-27T17:31:16.418+0100,900
998,51248,PSH-39,luuk.naaijen,2021-01-28T14:40:09.508+0100,1800
999,51248,PSH-39,luuk.naaijen,2021-02-03T11:09:36.391+0100,3600
1000,51245,PSH-38,luuk.naaijen,2021-01-07T18:56:53.852+0100,4500
1001,51243,PSH-37,luuk.naaijen,2021-01-05T17:44:54.770+0100,1800
1002,51243,PSH-37,luuk.naaijen,2021-01-11T15:54:03.650+0100,9000
1003,51242,PSH-36,jesse.klaasse,2021-01-06T17:17:11.554+0100,900
1004,51242,PSH-36,luuk.naaijen,2021-01-07T18:57:25.044+0100,10800
1005,51242,PSH-36,luuk.naaijen,2021-01-12T11:02:31.482+0100,4500
1006,51241,PSH-35,luuk.naaijen,2021-01-05T17:44:22.479+0100,14400
1007,51241,PSH-35,luuk.naaijen,2021-01-06T17:01:04.731+0100,3600
1008,51219,PSH-34,jesse.klaasse,2021-01-04T16:28:15.535+0100,3600
1009,51218,PSH-33,jesse.klaasse,2021-01-04T15:17:04.023+0100,3600
1010,51218,PSH-33,luuk.naaijen,2021-01-04T15:17:35.173+0100,2700
1011,50459,PSH-32,jesse.klaasse,2020-12-23T11:24:23.936+0100,1800
1012,50436,PSH-31,jesse.klaasse,2021-01-04T17:13:39.739+0100,7200
1013,50309,PSH-30,jesse.klaasse,2020-12-21T17:39:20.044+0100,16200
1014,50309,PSH-30,jesse.klaasse,2020-12-22T15:30:24.968+0100,12600
1015,50146,PSH-29,jesse.klaasse,2020-12-17T10:45:24.080+0100,900
1016,50145,PSH-28,jesse.klaasse,2020-12-21T11:28:34.614+0100,3600
1017,49353,PSH-27,jesse.klaasse,2020-12-02T17:14:33.008+0100,3600
1018,49353,PSH-27,jesse.klaasse,2020-12-09T13:20:01.825+0100,900
1019,49353,PSH-27,jesse.klaasse,2020-12-10T17:30:00.508+0100,5400
1020,49353,PSH-27,jesse.klaasse,2020-12-21T17:38:54.350+0100,4500
1021,48334,PSH-26,bjorn.vande.ruit,2020-12-30T14:04:04.638+0100,21600
1022,48334,PSH-26,bjorn.vande.ruit,2020-12-30T14:04:25.326+0100,21600
1023,48334,PSH-26,bjorn.vande.ruit,2020-12-30T14:04:40.843+0100,21600
1024,48334,PSH-26,bjorn.vande.ruit,2020-12-30T14:04:52.159+0100,14400
1025,48334,PSH-26,bjorn.vande.ruit,2020-12-30T14:05:01.567+0100,14400
1026,48334,PSH-26,bjorn.vande.ruit,2020-12-30T14:05:10.639+0100,14400
1027,48334,PSH-26,bjorn.vande.ruit,2020-12-30T14:05:23.911+0100,14400
1028,48334,PSH-26,bjorn.vande.ruit,2021-02-19T10:28:28.490+0100,7200
1029,48334,PSH-26,bjorn.vande.ruit,2021-02-19T10:28:40.287+0100,7200
1030,48334,PSH-26,bjorn.vande.ruit,2021-02-19T10:28:56.672+0100,14400
1031,48334,PSH-26,bjorn.vande.ruit,2021-02-19T10:29:10.993+0100,14400
1032,48334,PSH-26,bjorn.vande.ruit,2021-02-19T10:29:28.010+0100,14400
1033,48334,PSH-26,bjorn.vande.ruit,2021-02-19T10:29:42.541+0100,7200
1034,48334,PSH-26,milou.remmers,2021-02-24T15:50:20.704+0100,2700
1035,48334,PSH-26,milou.remmers,2021-03-05T17:10:46.089+0100,900
1036,48334,PSH-26,milou.remmers,2021-04-14T16:52:39.720+0200,900
1037,48334,PSH-26,milou.remmers,2021-06-11T14:10:55.182+0200,900
1038,48334,PSH-26,milou.remmers,2021-06-15T15:57:43.661+0200,900
1039,48334,PSH-26,milou.remmers,2021-06-16T09:59:56.487+0200,1800
1040,48334,PSH-26,milou.remmers,2021-06-17T10:33:08.065+0200,900
1041,48330,PSH-22,luuk.naaijen,2021-03-17T17:24:53.263+0100,9000
1042,48330,PSH-22,luuk.naaijen,2021-03-18T17:55:15.656+0100,1800
1043,48329,PSH-21,luuk.naaijen,2021-01-27T17:33:24.050+0100,900
1044,48328,PSH-20,luuk.naaijen,2021-02-22T18:13:55.981+0100,7200
1045,48328,PSH-20,luuk.naaijen,2021-02-22T18:14:26.048+0100,8100
1046,48327,PSH-19,jesse.klaasse,2020-11-16T09:09:38.251+0100,5400
1047,48327,PSH-19,jesse.klaasse,2020-11-19T16:37:12.106+0100,3600
1048,48327,PSH-19,jesse.klaasse,2020-11-23T10:02:29.532+0100,900
1049,48327,PSH-19,jesse.klaasse,2020-11-23T15:12:32.781+0100,2700
1050,48327,PSH-19,jesse.klaasse,2020-11-25T13:29:50.654+0100,1800
1051,48323,PSH-15,luuk.naaijen,2021-02-03T13:51:29.818+0100,9000
1052,48323,PSH-15,jesse.klaasse,2021-02-05T09:27:59.866+0100,900
1053,48321,PSH-13,luuk.naaijen,2021-02-18T17:52:53.649+0100,22500
1054,48317,PSH-9,luuk.naaijen,2021-03-15T13:56:07.751+0100,1800
1055,48317,PSH-9,jesse.klaasse,2021-03-16T12:19:15.762+0100,900
1056,48315,PSH-7,luuk.naaijen,2021-01-12T12:17:12.991+0100,3600
1057,48314,PSH-6,jesse.klaasse,2021-02-22T15:08:24.663+0100,3600
1058,48314,PSH-6,jesse.klaasse,2021-02-22T17:32:16.029+0100,3600
1059,48314,PSH-6,jesse.klaasse,2021-02-23T11:52:29.392+0100,6300
1060,48314,PSH-6,jesse.klaasse,2021-02-25T15:39:17.702+0100,6300
1061,48314,PSH-6,jesse.klaasse,2021-03-01T15:20:26.104+0100,1800
1062,48314,PSH-6,jesse.klaasse,2021-03-02T13:05:11.754+0100,3600
1063,48313,PSH-5,jesse.klaasse,2021-02-19T16:59:22.291+0100,7200
1064,48312,PSH-4,luuk.naaijen,2021-01-06T17:03:02.846+0100,16200
1065,48312,PSH-4,luuk.naaijen,2021-01-06T17:56:02.849+0100,5400
1066,48312,PSH-4,luuk.naaijen,2021-01-07T18:57:47.985+0100,1200
1067,48312,PSH-4,jesse.klaasse,2021-01-12T15:31:08.138+0100,1800
1068,48312,PSH-4,jesse.klaasse,2021-01-14T10:23:03.312+0100,3600
1069,48311,PSH-3,jesse.klaasse,2021-01-04T17:42:12.512+0100,6300
1070,48311,PSH-3,jesse.klaasse,2021-01-06T17:16:49.373+0100,1800
1071,48311,PSH-3,luuk.naaijen,2021-01-07T18:58:43.884+0100,5400
