df_index;Key;Priority;TimeEstimate;CurrentStatus;TimeOriginalEstimate;DeltaDueCreate;TimeSpent;CalculatedWorkRatio;TimeSinceToDo;ComingBack;SizeSummary;SizeDescription;Story;Epic;Task;Bug;Incident;SubTask;CDeliveryManager;CProjectManager;CSeniorDeveloper;CMediorDeveloper;CJuniorDeveloper;CDesigner;CSystemAccount;CTester;CIntern;CClient;CUndefined;ADeliveryManager;AProjectManager;ASeniorDeveloper;AMediorDeveloper;AJuniorDeveloper;ADesigner;ASystemAccount;ATester;AIntern;AClient;AUndefined;RDeliveryManager;RProjectManager;RSeniorDeveloper;RMediorDeveloper;RJuniorDeveloper;RDesigner;RSystemAccount;RTester;RIntern;RClient;RUndefined;WorkRatio;Fitness;Rejected
0;CONBR-2;3;0;3;14400;31536000;0;0;0.0;0;6;1;0;0;1;0;0;0;0;0;0;0;0;0;0;0;0;0;1;0;0;0;0;0;0;0;0;0;0;1;0;0;0;0;0;0;0;0;0;0;1;131.0;-1.0;0
1;CONBR-2;3;0;4;14400;31536000;0;0;5162092.0;0;6;1;0;0;1;0;0;0;0;0;0;0;0;0;0;0;0;0;1;0;0;0;0;0;0;0;0;0;0;1;0;0;0;0;0;0;0;0;0;0;1;131.0;-1.0;0
2;CONBR-2;3;0;3;14400;31536000;3600;0;5445111.0;1;6;1;0;0;1;0;0;0;0;0;0;0;0;0;0;0;0;0;1;0;0;0;0;0;0;0;0;0;0;1;0;0;0;0;0;0;0;0;0;0;1;131.0;-1.0;0
3;CONBR-2;3;0;4;14400;31536000;3600;0;5531023.0;0;6;1;0;0;1;0;0;0;0;0;0;0;0;0;0;0;0;0;1;0;0;0;0;0;0;0;0;0;0;1;0;0;0;0;0;0;0;0;0;0;1;131.0;-1.0;0
4;CONBR-3;3;0;3;0;31536000;0;0;0.0;0;5;1;0;0;1;0;0;0;0;0;0;0;0;0;0;0;0;0;1;0;0;0;0;0;0;0;0;0;0;1;0;0;0;0;0;0;0;0;0;0;1;0.0;-1.0;0
5;CONBR-4;3;0;3;18000;31536000;0;0;0.0;0;6;1;0;0;1;0;0;0;0;0;0;0;0;0;0;0;0;0;1;0;0;0;0;0;0;0;0;0;0;1;0;0;0;0;0;0;0;0;0;0;1;75.0;-1.0;0
6;CONBR-4;3;0;4;18000;31536000;0;0;5432834.0;0;6;1;0;0;1;0;0;0;0;0;0;0;0;0;0;0;0;0;1;0;0;0;0;0;0;0;0;0;0;1;0;0;0;0;0;0;0;0;0;0;1;75.0;-1.0;0
7;CONBR-5;3;0;3;28800;31536000;0;0;0.0;0;3;1;0;0;1;0;0;0;0;0;0;0;0;0;0;0;0;0;1;0;0;0;0;0;0;0;0;0;0;1;0;0;0;0;0;0;0;0;0;0;1;237.0;-1.0;0
8;CONBR-5;3;0;4;28800;31536000;0;0;6023085.0;0;3;1;0;0;1;0;0;0;0;0;0;0;0;0;0;0;0;0;1;0;0;0;0;0;0;0;0;0;0;1;0;0;0;0;0;0;0;0;0;0;1;237.0;-1.0;0
9;CONBR-6;3;0;3;28800;31536000;0;0;0.0;0;3;1;0;0;1;0;0;0;0;0;0;0;0;0;0;0;0;0;1;0;0;0;0;0;0;0;0;0;0;1;0;0;0;0;0;0;0;0;0;0;1;56.0;-1.0;0
10;CONBR-6;3;0;4;28800;31536000;0;0;6023081.0;0;3;1;0;0;1;0;0;0;0;0;0;0;0;0;0;0;0;0;1;0;0;0;0;0;0;0;0;0;0;1;0;0;0;0;0;0;0;0;0;0;1;56.0;-1.0;0
11;CONBR-7;3;0;3;28800;31536000;0;0;0.0;0;5;1;0;0;1;0;0;0;0;0;0;0;0;0;0;0;0;0;1;0;0;0;0;0;0;0;0;0;0;1;0;0;0;0;0;0;0;0;0;0;1;165.0;-1.0;0
12;CONBR-7;3;0;4;28800;31536000;0;0;7143898.0;0;5;1;0;0;1;0;0;0;0;0;0;0;0;0;0;0;0;0;1;0;0;0;0;0;0;0;0;0;0;1;0;0;0;0;0;0;0;0;0;0;1;165.0;-1.0;0
13;CONBR-8;3;0;3;28800;31536000;0;0;0.0;0;7;1;0;0;1;0;0;0;0;0;0;0;0;0;0;0;0;0;1;0;0;0;0;0;0;0;0;0;0;1;0;0;0;0;0;0;0;0;0;0;1;90.0;-1.0;0
14;CONBR-8;3;0;4;28800;31536000;0;0;7692507.0;0;7;1;0;0;1;0;0;0;0;0;0;0;0;0;0;0;0;0;1;0;0;0;0;0;0;0;0;0;0;1;0;0;0;0;0;0;0;0;0;0;1;90.0;-1.0;0
15;CONBR-10;3;0;3;75600;31536000;0;0;0.0;0;9;1;0;0;1;0;0;0;0;0;0;0;0;0;0;0;0;0;1;0;0;0;0;0;0;0;0;0;0;1;0;0;0;0;0;0;0;0;0;0;1;98.0;-1.0;0
16;CONBR-10;3;0;4;75600;31536000;0;0;5515552.0;0;9;1;0;0;1;0;0;0;0;0;0;0;0;0;0;0;0;0;1;0;0;0;0;0;0;0;0;0;0;1;0;0;0;0;0;0;0;0;0;0;1;98.0;-1.0;0
17;CONBR-10;3;0;6;75600;31536000;4500;0;6038052.0;0;9;1;0;0;1;0;0;0;0;0;0;0;0;0;0;0;0;0;1;0;0;0;0;0;0;0;0;0;0;1;0;0;0;0;0;0;0;0;0;0;1;98.0;-1.0;0
18;CONBR-11;3;0;3;18000;31536000;0;0;0.0;0;12;1;0;0;1;0;0;0;0;0;0;0;0;0;0;0;0;0;1;0;0;0;0;0;0;0;0;0;0;1;0;0;0;0;0;0;0;0;0;0;1;85.0;-1.0;0
19;CONBR-11;3;0;4;18000;31536000;0;0;6987049.0;0;12;1;0;0;1;0;0;0;0;0;0;0;0;0;0;0;0;0;1;0;0;0;0;0;0;0;0;0;0;1;0;0;0;0;0;0;0;0;0;0;1;85.0;-1.0;0
20;CONBR-11;3;0;6;18000;31536000;9900;0;7065593.0;0;12;1;0;0;1;0;0;0;0;0;0;0;0;0;0;0;0;0;1;0;0;0;0;0;0;0;0;0;0;1;0;0;0;0;0;0;0;0;0;0;1;85.0;-1.0;0
21;CONBR-12;3;0;3;10800;31536000;0;0;0.0;0;9;1;0;0;1;0;0;0;0;0;0;0;0;0;0;0;0;0;1;0;0;0;0;0;0;0;0;0;0;1;0;0;0;0;0;0;0;0;0;0;1;116.0;-1.0;0
22;CONBR-12;3;0;4;10800;31536000;0;0;7067237.0;0;9;1;0;0;1;0;0;0;0;0;0;0;0;0;0;0;0;0;1;0;0;0;0;0;0;0;0;0;0;1;0;0;0;0;0;0;0;0;0;0;1;116.0;-1.0;0
23;CONBR-12;3;0;6;10800;31536000;7200;0;7146314.0;0;9;1;0;0;1;0;0;0;0;0;0;0;0;0;0;0;0;0;1;0;0;0;0;0;0;0;0;0;0;1;0;0;0;0;0;0;0;0;0;0;1;116.0;-1.0;0
24;CONBR-13;3;0;3;28800;31536000;0;0;0.0;0;15;1;0;0;1;0;0;0;0;0;0;0;0;0;0;0;0;0;1;0;0;0;0;0;0;0;0;0;0;1;0;0;0;0;0;0;0;0;0;0;1;96.0;-1.0;0
25;CONBR-13;3;0;4;28800;31536000;0;0;7145002.0;0;15;1;0;0;1;0;0;0;0;0;0;0;0;0;0;0;0;0;1;0;0;0;0;0;0;0;0;0;0;1;0;0;0;0;0;0;0;0;0;0;1;96.0;-1.0;0
26;CONBR-13;3;0;6;28800;31536000;7200;0;8987210.0;0;15;1;0;0;1;0;0;0;0;0;0;0;0;0;0;0;0;0;1;0;0;0;0;0;0;0;0;0;0;1;0;0;0;0;0;0;0;0;0;0;1;96.0;-1.0;0
27;CONBR-15;3;0;3;46800;31536000;0;0;0.0;0;12;1;0;0;1;0;0;0;0;0;0;0;0;0;0;0;0;0;1;0;0;0;0;0;0;0;0;0;0;1;0;0;0;0;0;0;0;0;0;0;1;0.0;-1.0;0
28;CONBR-15;3;0;4;46800;31536000;0;0;11409477.0;0;12;1;0;0;1;0;0;0;0;0;0;0;0;0;0;0;0;0;1;0;0;0;0;0;0;0;0;0;0;1;0;0;0;0;0;0;0;0;0;0;1;0.0;-1.0;0
29;CONBR-15;3;0;3;46800;31536000;0;0;11409541.0;1;12;1;0;0;1;0;0;0;0;0;0;0;0;0;0;0;0;0;1;0;0;0;0;0;0;0;0;0;0;1;0;0;0;0;0;0;0;0;0;0;1;0.0;-1.0;0
30;CONBR-15;3;0;6;46800;31536000;5400;0;11904747.0;0;12;1;0;0;1;0;0;0;0;0;0;0;0;0;0;0;0;0;1;0;0;0;0;0;0;0;0;0;0;1;0;0;0;0;0;0;0;0;0;0;1;0.0;-1.0;0
31;CONBR-16;3;0;3;18000;31536000;0;0;0.0;0;8;1;0;0;1;0;0;0;0;0;0;0;0;0;0;0;0;0;1;0;0;0;0;0;0;0;0;0;0;1;0;0;0;0;0;0;0;0;0;0;1;130.0;-1.0;0
32;CONBR-16;3;0;4;18000;31536000;12600;0;10802558.0;0;8;1;0;0;1;0;0;0;0;0;0;0;0;0;0;0;0;0;1;0;0;0;0;0;0;0;0;0;0;1;0;0;0;0;0;0;0;0;0;0;1;130.0;-1.0;0
33;CONBR-16;3;0;6;18000;31536000;12600;0;11904821.0;0;8;1;0;0;1;0;0;0;0;0;0;0;0;0;0;0;0;0;1;0;0;0;0;0;0;0;0;0;0;1;0;0;0;0;0;0;0;0;0;0;1;130.0;-1.0;0
34;CONBR-17;3;0;3;10800;31536000;0;0;0.0;0;10;1;0;0;1;0;0;0;0;0;0;0;0;0;0;0;0;0;1;0;0;0;0;0;0;0;0;0;0;1;0;0;0;0;0;0;0;0;0;0;1;58.0;-1.0;0
35;CONBR-17;3;0;6;10800;31536000;6300;0;12531024.0;0;10;1;0;0;1;0;0;0;0;0;0;0;0;0;0;0;0;0;1;0;0;0;0;0;0;0;0;0;0;1;0;0;0;0;0;0;0;0;0;0;1;58.0;-1.0;0
36;CONBR-18;3;0;3;18000;31536000;0;0;0.0;0;8;1;0;0;1;0;0;0;0;0;0;0;0;0;0;0;0;0;1;0;0;0;0;0;0;0;0;0;0;1;0;0;0;0;0;0;0;0;0;0;1;125.0;-1.0;0
37;CONBR-18;3;0;4;18000;31536000;4500;0;10802558.0;0;8;1;0;0;1;0;0;0;0;0;0;0;0;0;0;0;0;0;1;0;0;0;0;0;0;0;0;0;0;1;0;0;0;0;0;0;0;0;0;0;1;125.0;-1.0;0
38;CONBR-18;3;0;6;18000;31536000;4500;0;11904827.0;0;8;1;0;0;1;0;0;0;0;0;0;0;0;0;0;0;0;0;1;0;0;0;0;0;0;0;0;0;0;1;0;0;0;0;0;0;0;0;0;0;1;125.0;-1.0;0
39;CONBR-19;3;0;3;10800;31536000;0;0;0.0;0;15;1;0;0;1;0;0;0;0;0;0;0;0;0;0;0;0;0;1;0;0;0;0;0;0;0;0;0;0;1;0;0;0;0;0;0;0;0;0;0;1;41.0;-1.0;0
40;CONBR-19;3;0;6;10800;31536000;0;0;11904733.0;0;15;1;0;0;1;0;0;0;0;0;0;0;0;0;0;0;0;0;1;0;0;0;0;0;0;0;0;0;0;1;0;0;0;0;0;0;0;0;0;0;1;41.0;-1.0;0
41;CONBR-20;3;0;3;10800;31536000;0;0;0.0;0;20;1;0;0;1;0;0;0;0;0;0;0;0;0;0;0;0;0;1;0;0;0;0;0;0;0;0;0;0;1;0;0;0;0;0;0;0;0;0;0;1;33.0;-1.0;0
42;CONBR-20;3;0;6;10800;31536000;0;0;11904739.0;0;20;1;0;0;1;0;0;0;0;0;0;0;0;0;0;0;0;0;1;0;0;0;0;0;0;0;0;0;0;1;0;0;0;0;0;0;0;0;0;0;1;33.0;-1.0;0
43;CONBR-21;3;0;3;10800;31536000;0;0;0.0;0;10;1;0;0;1;0;0;0;0;0;0;0;0;0;0;0;0;0;1;0;0;0;0;0;0;0;0;0;0;1;0;0;0;0;0;0;0;0;0;0;1;66.0;-1.0;0
44;CONBR-21;3;0;4;10800;31536000;0;0;10802562.0;0;10;1;0;0;1;0;0;0;0;0;0;0;0;0;0;0;0;0;1;0;0;0;0;0;0;0;0;0;0;1;0;0;0;0;0;0;0;0;0;0;1;66.0;-1.0;0
45;CONBR-21;3;0;3;10800;31536000;3600;0;11409495.0;1;10;1;0;0;1;0;0;0;0;0;0;0;0;0;0;0;0;0;1;0;0;0;0;0;0;0;0;0;0;1;0;0;0;0;0;0;0;0;0;0;1;66.0;-1.0;0
46;CONBR-21;3;0;4;10800;31536000;3600;0;11409508.0;0;10;1;0;0;1;0;0;0;0;0;0;0;0;0;0;0;0;0;1;0;0;0;0;0;0;0;0;0;0;1;0;0;0;0;0;0;0;0;0;0;1;66.0;-1.0;0
47;CONBR-21;3;0;6;10800;31536000;3600;0;11904811.0;0;10;1;0;0;1;0;0;0;0;0;0;0;0;0;0;0;0;0;1;0;0;0;0;0;0;0;0;0;0;1;0;0;0;0;0;0;0;0;0;0;1;66.0;-1.0;0
48;CONBR-22;3;0;3;0;31536000;0;0;0.0;0;17;1;0;0;1;0;0;0;0;0;0;0;0;0;0;0;0;0;1;0;0;0;0;0;0;0;0;0;0;1;0;0;0;0;0;0;0;0;0;0;1;0.0;-1.0;0
49;CONBR-22;3;0;4;0;31536000;0;0;10170658.0;0;17;1;0;0;1;0;0;0;0;0;0;0;0;0;0;0;0;0;1;0;0;0;0;0;0;0;0;0;0;1;0;0;0;0;0;0;0;0;0;0;1;0.0;-1.0;0
50;CONBR-22;3;0;6;0;31536000;0;0;10210553.0;0;17;1;0;0;1;0;0;0;0;0;0;0;0;0;0;0;0;0;1;0;0;0;0;0;0;0;0;0;0;1;0;0;0;0;0;0;0;0;0;0;1;0.0;-1.0;0
51;CONBR-22;3;0;4;0;31536000;0;0;10263951.0;1;17;1;0;0;1;0;0;0;0;0;0;0;0;0;0;0;0;0;1;0;0;0;0;0;0;0;0;0;0;1;0;0;0;0;0;0;0;0;0;0;1;0.0;-1.0;0
52;CONBR-22;3;0;3;0;31536000;0;0;12170622.0;1;17;1;0;0;1;0;0;0;0;0;0;0;0;0;0;0;0;0;1;0;0;0;0;0;0;0;0;0;0;1;0;0;0;0;0;0;0;0;0;0;1;0.0;-1.0;0
53;CONBR-22;3;0;6;0;31536000;3600;0;12786726.0;0;17;1;0;0;1;0;0;0;0;0;0;0;0;0;0;0;0;0;1;0;0;0;0;0;0;0;0;0;0;1;0;0;0;0;0;0;0;0;0;0;1;0.0;-1.0;0
54;CONBR-24;3;0;3;28800;31536000;0;0;0.0;0;18;1;0;0;1;0;0;0;0;0;0;0;0;0;0;0;0;0;1;0;0;0;0;0;0;0;0;0;0;1;0;0;0;0;0;0;0;0;0;0;1;96.0;-1.0;0
55;CONBR-24;3;0;4;28800;31536000;0;0;4210205.0;0;18;1;0;0;1;0;0;0;0;0;0;0;0;0;0;0;0;0;1;0;0;0;0;0;0;0;0;0;0;1;0;0;0;0;0;0;0;0;0;0;1;96.0;-1.0;0
56;CONBR-24;3;0;6;28800;31536000;4500;0;4813449.0;0;18;1;0;0;1;0;0;0;0;0;0;0;0;0;0;0;0;0;1;0;0;0;0;0;0;0;0;0;0;1;0;0;0;0;0;0;0;0;0;0;1;96.0;-1.0;0
57;CONBR-25;3;0;3;28800;31536000;0;0;0.0;0;6;1;0;0;1;0;0;0;0;0;0;0;0;0;0;0;0;0;1;0;0;0;0;0;0;0;0;0;0;1;0;0;0;0;0;0;0;0;0;0;1;75.0;-1.0;0
58;CONBR-27;3;0;3;10800;31536000;0;0;0.0;0;14;1;0;0;1;0;0;0;0;0;0;0;0;0;0;0;0;0;1;0;0;0;0;0;0;0;0;0;0;1;0;0;0;0;0;0;0;0;0;0;1;83.0;-1.0;0
59;CONBR-27;3;0;4;10800;31536000;0;0;6641001.0;0;14;1;0;0;1;0;0;0;0;0;0;0;0;0;0;0;0;0;1;0;0;0;0;0;0;0;0;0;0;1;0;0;0;0;0;0;0;0;0;0;1;83.0;-1.0;0
60;CONBR-28;3;0;3;7200;31536000;0;0;0.0;0;16;1;0;0;1;0;0;0;0;0;0;0;0;0;0;0;0;0;1;0;0;0;0;0;0;0;0;0;0;1;0;0;0;0;0;0;0;0;0;0;1;600.0;-1.0;0
61;CONBR-29;3;0;3;28800;31536000;0;0;0.0;0;21;1;0;0;1;0;0;0;0;0;0;0;0;0;0;0;0;0;1;0;0;0;0;0;0;0;0;0;0;1;0;0;0;0;0;0;0;0;0;0;1;121.0;-1.0;0
62;CONBR-29;3;0;4;28800;31536000;0;0;7160022.0;0;21;1;0;0;1;0;0;0;0;0;0;0;0;0;0;0;0;0;1;0;0;0;0;0;0;0;0;0;0;1;0;0;0;0;0;0;0;0;0;0;1;121.0;-1.0;0
63;CONBR-29;3;0;5;28800;31536000;3600;0;12162694.0;0;21;1;0;0;1;0;0;0;0;0;0;0;0;0;0;0;0;0;1;0;0;0;0;0;0;0;0;0;0;1;0;0;0;0;0;0;0;0;0;0;1;121.0;-1.0;0
64;CONBR-29;3;0;4;28800;31536000;0;0;12162695.0;1;21;1;0;0;1;0;0;0;0;0;0;0;0;0;0;0;0;0;1;0;0;0;0;0;0;0;0;0;0;1;0;0;0;0;0;0;0;0;0;0;1;121.0;-1.0;0
65;CONBR-29;3;0;5;28800;31536000;3600;0;12531032.0;0;21;1;0;0;1;0;0;0;0;0;0;0;0;0;0;0;0;0;1;0;0;0;0;0;0;0;0;0;0;1;0;0;0;0;0;0;0;0;0;0;1;121.0;-1.0;0
66;CONBR-29;3;0;4;28800;31536000;0;0;12531038.0;1;21;1;0;0;1;0;0;0;0;0;0;0;0;0;0;0;0;0;1;0;0;0;0;0;0;0;0;0;0;1;0;0;0;0;0;0;0;0;0;0;1;121.0;-1.0;0
67;CONBR-29;3;0;5;28800;31536000;3600;0;13134750.0;0;21;1;0;0;1;0;0;0;0;0;0;0;0;0;0;0;0;0;1;0;0;0;0;0;0;0;0;0;0;1;0;0;0;0;0;0;0;0;0;0;1;121.0;-1.0;0
68;CONBR-34;3;0;3;75600;31536000;0;0;0.0;0;14;17;0;0;1;0;0;0;0;0;0;0;0;0;0;0;0;0;1;0;0;0;0;0;0;0;0;0;0;1;0;0;0;0;0;0;0;0;0;0;1;41.0;-1.0;0
69;CONBR-34;3;0;4;75600;31536000;0;0;6377670.0;0;14;17;0;0;1;0;0;0;0;0;0;0;0;0;0;0;0;0;1;0;0;0;0;0;0;0;0;0;0;1;0;0;0;0;0;0;0;0;0;0;1;41.0;-1.0;0
70;CONBR-35;3;0;3;28800;31536000;0;0;0.0;0;15;1;0;0;1;0;0;0;0;0;0;0;0;0;0;0;0;0;1;0;0;0;0;0;0;0;0;0;0;1;0;0;0;0;0;0;0;0;0;0;1;0.0;-1.0;0
71;CONBR-37;3;0;3;10800;31536000;0;0;0.0;0;6;1;0;0;1;0;0;0;0;0;0;0;0;0;0;0;0;0;1;0;0;0;0;0;0;0;0;0;0;1;0;0;0;0;0;0;0;0;0;0;1;33.0;-1.0;0
72;CONBR-37;3;0;4;10800;31536000;0;0;5445463.0;0;6;1;0;0;1;0;0;0;0;0;0;0;0;0;0;0;0;0;1;0;0;0;0;0;0;0;0;0;0;1;0;0;0;0;0;0;0;0;0;0;1;33.0;-1.0;0
73;CONBR-38;3;0;3;28800;31536000;0;0;0.0;0;4;1;0;0;1;0;0;0;0;0;0;0;0;0;0;0;0;0;1;0;0;0;0;0;0;0;0;0;0;1;0;0;0;0;0;0;0;0;0;0;1;143.0;-1.0;0
74;CONBR-38;3;0;4;28800;31536000;7200;0;6628565.0;0;4;1;0;0;1;0;0;0;0;0;0;0;0;0;0;0;0;0;1;0;0;0;0;0;0;0;0;0;0;1;0;0;0;0;0;0;0;0;0;0;1;143.0;-1.0;0
75;CONBR-40;3;0;3;380268;31536000;0;0;0.0;0;1;1;0;0;1;0;0;0;0;0;0;0;0;0;0;0;0;0;1;0;0;0;0;0;0;0;0;0;0;1;0;0;0;0;0;0;0;0;0;0;1;5.0;-1.0;0
76;CONBR-42;3;0;3;36000;31536000;0;0;0.0;0;3;1;0;0;1;0;0;0;0;0;0;0;0;0;0;0;0;0;1;0;0;0;0;0;0;0;0;0;0;1;0;0;0;0;0;0;0;0;0;0;1;125.0;-1.0;0
77;CONBR-42;3;0;4;36000;31536000;0;0;10176288.0;0;3;1;0;0;1;0;0;0;0;0;0;0;0;0;0;0;0;0;1;0;0;0;0;0;0;0;0;0;0;1;0;0;0;0;0;0;0;0;0;0;1;125.0;-1.0;0
78;CONBR-45;3;0;3;10800;31536000;0;0;0.0;0;5;1;0;0;1;0;0;0;0;0;0;0;0;0;0;0;0;0;1;0;0;0;0;0;0;0;0;0;0;1;0;0;0;0;0;0;0;0;0;0;1;100.0;-1.0;0
79;CONBR-45;3;0;4;10800;31536000;0;0;4508600.0;0;5;1;0;0;1;0;0;0;0;0;0;0;0;0;0;0;0;0;1;0;0;0;0;0;0;0;0;0;0;1;0;0;0;0;0;0;0;0;0;0;1;100.0;-1.0;0
80;CONBR-46;3;0;3;28800;31536000;0;0;0.0;0;2;0;1;0;0;0;0;0;0;0;0;0;0;0;0;0;0;0;1;0;0;0;0;0;0;0;0;0;0;1;0;0;0;0;0;0;0;0;0;0;1;100.0;-1.0;0
81;CONBR-46;3;0;4;28800;31536000;0;0;38.0;0;2;0;1;0;0;0;0;0;0;0;0;0;0;0;0;0;0;0;1;0;0;0;0;0;0;0;0;0;0;1;0;0;0;0;0;0;0;0;0;0;1;100.0;-1.0;0
82;CONBR-47;3;0;3;28800;31536000;0;0;0.0;0;2;0;1;0;0;0;0;0;0;0;0;0;0;0;0;0;0;0;1;0;0;0;0;0;0;0;0;0;0;1;0;0;0;0;0;0;0;0;0;0;1;25.0;-1.0;0
83;CONBR-47;3;0;4;28800;31536000;0;0;607957.0;0;2;0;1;0;0;0;0;0;0;0;0;0;0;0;0;0;0;0;1;0;0;0;0;0;0;0;0;0;0;1;0;0;0;0;0;0;0;0;0;0;1;25.0;-1.0;0
84;CONBR-48;3;0;3;7200;31536000;0;0;0.0;0;6;0;0;0;1;0;0;0;0;0;0;0;0;0;0;0;0;0;1;0;0;0;0;0;0;0;0;0;0;1;0;0;0;0;0;0;0;0;0;0;1;62.0;-1.0;0
85;CONBR-48;3;0;4;7200;31536000;0;0;5138.0;0;6;0;0;0;1;0;0;0;0;0;0;0;0;0;0;0;0;0;1;0;0;0;0;0;0;0;0;0;0;1;0;0;0;0;0;0;0;0;0;0;1;62.0;-1.0;0
86;CONBR-49;3;0;3;5400;31536000;0;0;0.0;0;1;0;0;0;1;0;0;0;0;0;0;0;0;0;0;0;0;0;1;0;0;0;0;0;0;0;0;0;0;1;0;0;0;0;0;0;0;0;0;0;1;33.0;-1.0;0
87;CONBR-49;3;0;4;5400;31536000;0;0;2.0;0;1;0;0;0;1;0;0;0;0;0;0;0;0;0;0;0;0;0;1;0;0;0;0;0;0;0;0;0;0;1;0;0;0;0;0;0;0;0;0;0;1;33.0;-1.0;0
88;CONBR-51;3;0;3;28800;31536000;0;0;0.0;0;3;1;0;0;1;0;0;0;0;0;0;0;0;0;0;0;0;0;1;0;0;0;0;0;0;0;0;0;0;1;0;0;0;0;0;0;0;0;0;0;1;131.0;-1.0;0
89;CONBR-51;3;0;4;28800;31536000;0;0;12.0;0;3;1;0;0;1;0;0;0;0;0;0;0;0;0;0;0;0;0;1;0;0;0;0;0;0;0;0;0;0;1;0;0;0;0;0;0;0;0;0;0;1;131.0;-1.0;0
90;CONBR-51;3;0;6;28800;31536000;13500;0;1134930.0;0;3;1;0;0;1;0;0;0;0;0;0;0;0;0;0;0;0;0;1;0;0;0;0;0;0;0;0;0;0;1;0;0;0;0;0;0;0;0;0;0;1;131.0;-1.0;0
91;CONBR-52;3;0;3;18000;31536000;0;0;0.0;0;6;1;0;0;1;0;0;0;0;0;0;0;0;0;0;0;0;0;1;0;0;0;0;0;0;0;0;0;0;1;0;0;0;0;0;0;0;0;0;0;1;30.0;-1.0;0
92;CONBR-52;3;0;4;18000;31536000;0;0;4075347.0;0;6;1;0;0;1;0;0;0;0;0;0;0;0;0;0;0;0;0;1;0;0;0;0;0;0;0;0;0;0;1;0;0;0;0;0;0;0;0;0;0;1;30.0;-1.0;0
93;CONBR-53;3;0;3;14400;31536000;0;0;0.0;0;6;1;0;0;1;0;0;0;0;0;0;0;0;0;0;0;0;0;1;0;0;0;0;0;0;0;0;0;0;1;0;0;0;0;0;0;0;0;0;0;1;0.0;-1.0;0
94;CONBR-54;3;0;3;18000;31536000;0;0;0.0;0;4;0;0;0;1;0;0;0;0;0;0;0;0;0;0;0;0;0;1;0;0;0;0;0;0;0;0;0;0;1;0;0;0;0;0;0;0;0;0;0;1;494.0;-1.0;0
95;CONBR-54;3;0;4;18000;31536000;1800;0;84605.0;0;4;0;0;0;1;0;0;0;0;0;0;0;0;0;0;0;0;0;1;0;0;0;0;0;0;0;0;0;0;1;0;0;0;0;0;0;0;0;0;0;1;494.0;-1.0;0
96;CONBR-55;3;0;3;3600;31536000;0;0;0.0;0;2;0;0;0;1;0;0;0;0;0;0;0;0;0;0;0;0;0;1;0;0;0;0;0;0;0;0;0;0;1;0;0;0;0;0;0;0;0;0;0;1;100.0;-1.0;0
97;CONBR-55;3;0;4;3600;31536000;0;0;2.0;0;2;0;0;0;1;0;0;0;0;0;0;0;0;0;0;0;0;0;1;0;0;0;0;0;0;0;0;0;0;1;0;0;0;0;0;0;0;0;0;0;1;100.0;-1.0;0
98;CONBR-56;3;0;3;18000;31536000;0;0;0.0;0;6;1;0;0;1;0;0;0;0;0;0;0;0;0;0;0;0;0;1;0;0;0;0;0;0;0;0;0;0;1;0;0;0;0;0;0;0;0;0;0;1;0.0;-1.0;0
99;CONBR-57;3;0;3;10800;31536000;0;0;0.0;0;5;1;0;0;1;0;0;0;0;0;0;0;0;0;0;0;0;0;1;0;0;0;0;0;0;0;0;0;0;1;0;0;0;0;0;0;0;0;0;0;1;116.0;-1.0;0
100;CONBR-57;3;0;4;10800;31536000;0;0;5984461.0;0;5;1;0;0;1;0;0;0;0;0;0;0;0;0;0;0;0;0;1;0;0;0;0;0;0;0;0;0;0;1;0;0;0;0;0;0;0;0;0;0;1;116.0;-1.0;0
101;CONBR-58;3;0;3;7200;31536000;0;0;0.0;0;5;0;0;0;1;0;0;0;0;0;0;0;0;0;0;0;0;0;1;0;0;0;0;0;0;0;0;0;0;1;0;0;0;0;0;0;0;0;0;0;1;100.0;-1.0;0
102;CONBR-58;3;0;4;7200;31536000;0;0;3.0;0;5;0;0;0;1;0;0;0;0;0;0;0;0;0;0;0;0;0;1;0;0;0;0;0;0;0;0;0;0;1;0;0;0;0;0;0;0;0;0;0;1;100.0;-1.0;0
103;CONBR-59;3;0;3;28800;31536000;0;0;0.0;0;6;0;0;0;1;0;0;0;0;0;0;0;0;0;0;0;0;0;1;0;0;0;0;0;0;0;0;0;0;1;0;0;0;0;0;0;0;0;0;0;1;25.0;-1.0;0
104;CONBR-59;3;0;4;28800;31536000;0;0;72770.0;0;6;0;0;0;1;0;0;0;0;0;0;0;0;0;0;0;0;0;1;0;0;0;0;0;0;0;0;0;0;1;0;0;0;0;0;0;0;0;0;0;1;25.0;-1.0;0
105;CONBR-60;3;0;3;0;31536000;0;0;0.0;0;3;0;0;0;1;0;0;0;0;0;0;0;0;0;0;0;0;0;1;0;0;0;0;0;0;0;0;0;0;1;0;0;0;0;0;0;0;0;0;0;1;0.0;-1.0;0
106;CONBR-60;3;0;4;0;31536000;0;0;94004.0;0;3;0;0;0;1;0;0;0;0;0;0;0;0;0;0;0;0;0;1;0;0;0;0;0;0;0;0;0;0;1;0;0;0;0;0;0;0;0;0;0;1;0.0;-1.0;0
107;CONBR-61;3;0;3;0;31536000;0;0;0.0;0;2;0;0;0;1;0;0;0;0;0;0;0;0;0;0;0;0;0;1;0;0;0;0;0;0;0;0;0;0;1;0;0;0;0;0;0;0;0;0;0;1;0.0;-1.0;0
108;CONBR-61;3;0;4;0;31536000;0;0;3.0;0;2;0;0;0;1;0;0;0;0;0;0;0;0;0;0;0;0;0;1;0;0;0;0;0;0;0;0;0;0;1;0;0;0;0;0;0;0;0;0;0;1;0.0;-1.0;0
109;CONBR-62;3;0;3;3600;31536000;0;0;0.0;0;9;0;0;0;1;0;0;0;0;0;0;0;0;0;0;0;0;0;1;0;0;0;0;0;0;0;0;0;0;1;0;0;0;0;0;0;0;0;0;0;1;50.0;-1.0;0
110;CONBR-62;3;0;4;3600;31536000;0;0;334013.0;0;9;0;0;0;1;0;0;0;0;0;0;0;0;0;0;0;0;0;1;0;0;0;0;0;0;0;0;0;0;1;0;0;0;0;0;0;0;0;0;0;1;50.0;-1.0;0
111;CONBR-63;3;0;3;7200;31536000;0;0;0.0;0;5;0;0;0;1;0;0;0;0;0;0;0;0;0;0;0;0;0;1;0;0;0;0;0;0;0;0;0;0;1;0;0;0;0;0;0;0;0;0;0;1;75.0;-1.0;0
112;CONBR-63;3;0;4;7200;31536000;0;0;70.0;0;5;0;0;0;1;0;0;0;0;0;0;0;0;0;0;0;0;0;1;0;0;0;0;0;0;0;0;0;0;1;0;0;0;0;0;0;0;0;0;0;1;75.0;-1.0;0
113;CONBR-64;3;0;3;14400;31536000;0;0;0.0;0;5;0;0;0;1;0;0;0;0;0;0;0;0;0;0;0;0;0;1;0;0;0;0;0;0;0;0;0;0;1;0;0;0;0;0;0;0;0;0;0;1;100.0;-1.0;0
114;CONBR-64;3;0;4;14400;31536000;14400;0;1118722.0;0;5;0;0;0;1;0;0;0;0;0;0;0;0;0;0;0;0;0;1;0;0;0;0;0;0;0;0;0;0;1;0;0;0;0;0;0;0;0;0;0;1;100.0;-1.0;0
115;CONBR-65;3;0;3;10800;31536000;0;0;0.0;0;6;17;0;0;1;0;0;0;0;0;0;0;0;0;0;0;0;0;1;0;0;0;0;0;0;0;0;0;0;1;0;0;0;0;0;0;0;0;0;0;1;116.0;-1.0;0
116;CONBR-65;3;0;4;10800;31536000;0;0;369312.0;0;6;17;0;0;1;0;0;0;0;0;0;0;0;0;0;0;0;0;1;0;0;0;0;0;0;0;0;0;0;1;0;0;0;0;0;0;0;0;0;0;1;116.0;-1.0;0
117;CONBR-66;3;0;3;3600;31536000;0;0;0.0;0;9;0;0;0;1;0;0;0;0;0;0;0;0;0;0;0;0;0;1;0;0;0;0;0;0;0;0;0;0;1;0;0;0;0;0;0;0;0;0;0;1;0.0;-1.0;0
118;CONBR-67;3;0;3;0;31536000;0;0;0.0;0;3;0;0;0;1;0;0;0;0;0;0;0;0;0;0;0;0;0;1;0;0;0;0;0;0;0;0;0;0;1;0;0;0;0;0;0;0;0;0;0;1;0.0;-1.0;0
119;CONBR-67;3;0;4;0;31536000;0;0;72922.0;0;3;0;0;0;1;0;0;0;0;0;0;0;0;0;0;0;0;0;1;0;0;0;0;0;0;0;0;0;0;1;0;0;0;0;0;0;0;0;0;0;1;0.0;-1.0;0
120;CONBR-68;3;0;3;0;31536000;0;0;0.0;0;1;0;0;0;1;0;0;0;0;0;0;0;0;0;0;0;0;0;1;0;0;0;0;0;0;0;0;0;0;1;0;0;0;0;0;0;0;0;0;0;1;0.0;-1.0;0
121;CONBR-68;3;0;4;0;31536000;0;0;4.0;0;1;0;0;0;1;0;0;0;0;0;0;0;0;0;0;0;0;0;1;0;0;0;0;0;0;0;0;0;0;1;0;0;0;0;0;0;0;0;0;0;1;0.0;-1.0;0
122;CONBR-69;3;0;3;7200;31536000;0;0;0.0;0;5;0;0;0;1;0;0;0;0;0;0;0;0;0;0;0;0;0;1;0;0;0;0;0;0;0;0;0;0;1;0;0;0;0;0;0;0;0;0;0;1;62.0;-1.0;0
123;CONBR-69;3;0;4;7200;31536000;0;0;4.0;0;5;0;0;0;1;0;0;0;0;0;0;0;0;0;0;0;0;0;1;0;0;0;0;0;0;0;0;0;0;1;0;0;0;0;0;0;0;0;0;0;1;62.0;-1.0;0
124;CONBR-70;3;0;3;0;31536000;0;0;0.0;0;5;0;0;0;1;0;0;0;0;0;0;0;0;0;0;0;0;0;1;0;0;0;0;0;0;0;0;0;0;1;0;0;0;0;0;0;0;0;0;0;1;0.0;-1.0;0
125;CONBR-70;3;0;4;0;31536000;0;0;3.0;0;5;0;0;0;1;0;0;0;0;0;0;0;0;0;0;0;0;0;1;0;0;0;0;0;0;0;0;0;0;1;0;0;0;0;0;0;0;0;0;0;1;0.0;-1.0;0
126;CONBR-71;3;0;3;57600;31536000;0;0;0.0;0;3;1;0;0;1;0;0;0;0;0;0;0;0;0;0;0;0;0;1;0;0;0;0;0;0;0;0;0;0;1;0;0;0;0;0;0;0;0;0;0;1;104.0;-1.0;0
127;CONBR-71;3;0;4;57600;31536000;0;0;44.0;0;3;1;0;0;1;0;0;0;0;0;0;0;0;0;0;0;0;0;1;0;0;0;0;0;0;0;0;0;0;1;0;0;0;0;0;0;0;0;0;0;1;104.0;-1.0;0
128;CONBR-71;3;0;6;57600;31536000;9900;0;185225.0;0;3;1;0;0;1;0;0;0;0;0;0;0;0;0;0;0;0;0;1;0;0;0;0;0;0;0;0;0;0;1;0;0;0;0;0;0;0;0;0;0;1;104.0;-1.0;0
129;CONBR-72;3;0;3;0;31536000;0;0;0.0;0;4;0;0;0;1;0;0;0;0;0;0;0;0;0;0;0;0;0;1;0;0;0;0;0;0;0;0;0;0;1;0;0;0;0;0;0;0;0;0;0;1;0.0;-1.0;0
130;CONBR-72;3;0;4;0;31536000;0;0;3.0;0;4;0;0;0;1;0;0;0;0;0;0;0;0;0;0;0;0;0;1;0;0;0;0;0;0;0;0;0;0;1;0;0;0;0;0;0;0;0;0;0;1;0.0;-1.0;0
131;CONBR-73;4;0;3;7200;31536000;0;0;0.0;0;5;0;0;0;1;0;0;0;0;0;0;0;0;0;0;0;0;0;1;0;0;0;0;0;0;0;0;0;0;1;0;0;0;0;0;0;0;0;0;0;1;150.0;-1.0;0
132;CONBR-73;4;0;4;7200;31536000;0;0;4214012.0;0;5;0;0;0;1;0;0;0;0;0;0;0;0;0;0;0;0;0;1;0;0;0;0;0;0;0;0;0;0;1;0;0;0;0;0;0;0;0;0;0;1;150.0;-1.0;0
133;CONBR-73;4;0;5;7200;31536000;0;0;4224953.0;0;5;0;0;0;1;0;0;0;0;0;0;0;0;0;0;0;0;0;1;0;0;0;0;0;0;0;0;0;0;1;0;0;0;0;0;0;0;0;0;0;1;150.0;-1.0;0
134;CONBR-74;4;0;3;0;31536000;0;0;0.0;0;6;0;0;0;1;0;0;0;0;0;0;0;0;0;0;0;0;0;1;0;0;0;0;0;0;0;0;0;0;1;0;0;0;0;0;0;0;0;0;0;1;0.0;-1.0;0
135;CONBR-74;4;0;4;0;31536000;0;0;4584811.0;0;6;0;0;0;1;0;0;0;0;0;0;0;0;0;0;0;0;0;1;0;0;0;0;0;0;0;0;0;0;1;0;0;0;0;0;0;0;0;0;0;1;0.0;-1.0;0
136;CONBR-74;4;0;5;0;31536000;7200;0;8877271.0;0;6;0;0;0;1;0;0;0;0;0;0;0;0;0;0;0;0;0;1;0;0;0;0;0;0;0;0;0;0;1;0;0;0;0;0;0;0;0;0;0;1;0.0;-1.0;0
137;CONBR-74;4;0;4;0;31536000;0;0;8877280.0;1;6;0;0;0;1;0;0;0;0;0;0;0;0;0;0;0;0;0;1;0;0;0;0;0;0;0;0;0;0;1;0;0;0;0;0;0;0;0;0;0;1;0.0;-1.0;0
138;CONBR-74;4;0;5;0;31536000;7200;0;8877410.0;0;6;0;0;0;1;0;0;0;0;0;0;0;0;0;0;0;0;0;1;0;0;0;0;0;0;0;0;0;0;1;0;0;0;0;0;0;0;0;0;0;1;0.0;-1.0;0
139;CONBR-75;4;0;3;41400;31536000;0;0;0.0;0;6;11;0;0;1;0;0;0;0;0;0;0;0;0;0;0;0;0;1;0;0;0;0;0;0;0;0;0;0;1;0;0;0;0;0;0;0;0;0;0;1;121.0;-1.0;0
140;CONBR-75;4;0;4;41400;31536000;0;0;4584760.0;0;6;11;0;0;1;0;0;0;0;0;0;0;0;0;0;0;0;0;1;0;0;0;0;0;0;0;0;0;0;1;0;0;0;0;0;0;0;0;0;0;1;121.0;-1.0;0
141;CONBR-75;4;0;5;41400;31536000;7200;0;8962988.0;0;6;11;0;0;1;0;0;0;0;0;0;0;0;0;0;0;0;0;1;0;0;0;0;0;0;0;0;0;0;1;0;0;0;0;0;0;0;0;0;0;1;121.0;-1.0;0
142;CONBR-76;3;0;3;0;31536000;0;0;0.0;0;5;0;0;0;1;0;0;0;0;0;0;0;0;0;0;0;0;0;1;0;0;0;0;0;0;0;0;0;0;1;0;0;0;0;0;0;0;0;0;0;1;0.0;-1.0;0
143;CONBR-76;3;0;4;0;31536000;0;0;4584734.0;0;5;0;0;0;1;0;0;0;0;0;0;0;0;0;0;0;0;0;1;0;0;0;0;0;0;0;0;0;0;1;0;0;0;0;0;0;0;0;0;0;1;0.0;-1.0;0
144;CONBR-76;3;0;5;0;31536000;0;0;8877191.0;0;5;0;0;0;1;0;0;0;0;0;0;0;0;0;0;0;0;0;1;0;0;0;0;0;0;0;0;0;0;1;0;0;0;0;0;0;0;0;0;0;1;0.0;-1.0;0
145;CONBR-77;3;0;3;10800;31536000;0;0;0.0;0;9;0;0;0;1;0;0;0;0;0;0;0;0;0;0;0;0;0;1;0;0;0;0;0;0;0;0;0;0;1;0;0;0;0;0;0;0;0;0;0;1;166.0;-1.0;0
146;CONBR-77;3;0;6;10800;31536000;10800;0;244938.0;0;9;0;0;0;1;0;0;0;0;0;0;0;0;0;0;0;0;0;1;0;0;0;0;0;0;0;0;0;0;1;0;0;0;0;0;0;0;0;0;0;1;166.0;-1.0;0
147;CONBR-79;3;0;3;0;31536000;0;0;0.0;0;4;0;0;0;0;0;0;1;0;0;0;0;0;0;0;0;0;0;1;0;0;0;0;0;0;0;0;0;0;1;0;0;0;0;0;0;0;0;0;0;1;0.0;-1.0;0
148;CONBR-79;3;0;4;0;31536000;0;0;701381.0;0;4;0;0;0;0;0;0;1;0;0;0;0;0;0;0;0;0;0;1;0;0;0;0;0;0;0;0;0;0;1;0;0;0;0;0;0;0;0;0;0;1;0.0;-1.0;0
149;CONBR-79;3;0;6;0;31536000;2700;0;3716840.0;0;4;0;0;0;0;0;0;1;0;0;0;0;0;0;0;0;0;0;1;0;0;0;0;0;0;0;0;0;0;1;0;0;0;0;0;0;0;0;0;0;1;0.0;-1.0;0
150;CONBR-80;3;0;3;0;31536000;0;0;0.0;0;5;0;0;0;0;0;0;1;0;0;0;0;0;0;0;0;0;0;1;0;0;0;0;0;0;0;0;0;0;1;0;0;0;0;0;0;0;0;0;0;1;0.0;-1.0;0
151;CONBR-81;3;0;3;0;31536000;0;0;0.0;0;4;0;0;0;0;0;0;1;0;0;0;0;0;0;0;0;0;0;1;0;0;0;0;0;0;0;0;0;0;1;0;0;0;0;0;0;0;0;0;0;1;0.0;-1.0;0
152;CONBR-81;3;0;6;0;31536000;0;0;3716825.0;0;4;0;0;0;0;0;0;1;0;0;0;0;0;0;0;0;0;0;1;0;0;0;0;0;0;0;0;0;0;1;0;0;0;0;0;0;0;0;0;0;1;0.0;-1.0;0
153;CONBR-82;3;0;3;0;31536000;0;0;0.0;0;4;0;0;0;0;0;0;1;0;0;0;0;0;0;0;0;0;0;1;0;0;0;0;0;0;0;0;0;0;1;0;0;0;0;0;0;0;0;0;0;1;0.0;-1.0;0
154;CONBR-82;3;0;6;0;31536000;0;0;3716803.0;0;4;0;0;0;0;0;0;1;0;0;0;0;0;0;0;0;0;0;1;0;0;0;0;0;0;0;0;0;0;1;0;0;0;0;0;0;0;0;0;0;1;0.0;-1.0;0
155;CONBR-83;3;0;3;0;31536000;0;0;0.0;0;4;0;0;0;0;0;0;1;0;0;0;0;0;0;0;0;0;0;1;0;0;0;0;0;0;0;0;0;0;1;0;0;0;0;0;0;0;0;0;0;1;0.0;-1.0;0
156;CONBR-83;3;0;6;0;31536000;11700;0;3716870.0;0;4;0;0;0;0;0;0;1;0;0;0;0;0;0;0;0;0;0;1;0;0;0;0;0;0;0;0;0;0;1;0;0;0;0;0;0;0;0;0;0;1;0.0;-1.0;0
157;CONBR-84;3;0;3;0;31536000;0;0;0.0;0;4;0;0;0;0;0;0;1;0;0;0;0;0;0;0;0;0;0;1;0;0;0;0;0;0;0;0;0;0;1;0;0;0;0;0;0;0;0;0;0;1;0.0;-1.0;0
158;CONBR-84;3;0;6;0;31536000;900;0;3716849.0;0;4;0;0;0;0;0;0;1;0;0;0;0;0;0;0;0;0;0;1;0;0;0;0;0;0;0;0;0;0;1;0;0;0;0;0;0;0;0;0;0;1;0.0;-1.0;0
159;CONBR-85;3;0;3;0;31536000;0;0;0.0;0;4;0;0;0;0;0;0;1;0;0;0;0;0;0;0;0;0;0;1;0;0;0;0;0;0;0;0;0;0;1;0;0;0;0;0;0;0;0;0;0;1;0.0;-1.0;0
160;CONBR-85;3;0;6;0;31536000;12600;0;3716828.0;0;4;0;0;0;0;0;0;1;0;0;0;0;0;0;0;0;0;0;1;0;0;0;0;0;0;0;0;0;0;1;0;0;0;0;0;0;0;0;0;0;1;0.0;-1.0;0
161;CONBR-86;3;0;3;18000;31536000;0;0;0.0;0;4;0;0;0;0;0;0;1;0;0;0;0;0;0;0;0;0;0;1;0;0;0;0;0;0;0;0;0;0;1;0;0;0;0;0;0;0;0;0;0;1;95.0;-1.0;0
162;CONBR-86;3;0;4;18000;31536000;5400;0;3674452.0;0;4;0;0;0;0;0;0;1;0;0;0;0;0;0;0;0;0;0;1;0;0;0;0;0;0;0;0;0;0;1;0;0;0;0;0;0;0;0;0;0;1;95.0;-1.0;0
163;CONBR-86;3;0;6;18000;31536000;5400;0;3716736.0;0;4;0;0;0;0;0;0;1;0;0;0;0;0;0;0;0;0;0;1;0;0;0;0;0;0;0;0;0;0;1;0;0;0;0;0;0;0;0;0;0;1;95.0;-1.0;0
164;CONBR-87;3;0;3;0;31536000;0;0;0.0;0;5;0;0;0;0;0;0;1;0;0;0;0;0;0;0;0;0;0;1;0;0;0;0;0;0;0;0;0;0;1;0;0;0;0;0;0;0;0;0;0;1;0.0;-1.0;0
165;CONBR-88;3;0;3;0;31536000;0;0;0.0;0;5;0;0;0;0;0;0;1;0;0;0;0;0;0;0;0;0;0;1;0;0;0;0;0;0;0;0;0;0;1;0;0;0;0;0;0;0;0;0;0;1;0.0;-1.0;0
166;CONBR-89;3;0;3;0;31536000;0;0;0.0;0;5;0;0;0;0;0;0;1;0;0;0;0;0;0;0;0;0;0;1;0;0;0;0;0;0;0;0;0;0;1;0;0;0;0;0;0;0;0;0;0;1;0.0;-1.0;0
167;CONBR-90;3;0;3;0;31536000;0;0;0.0;0;5;0;0;0;0;0;0;1;0;0;0;0;0;0;0;0;0;0;1;0;0;0;0;0;0;0;0;0;0;1;0;0;0;0;0;0;0;0;0;0;1;0.0;-1.0;0
168;CONBR-91;3;0;3;0;31536000;0;0;0.0;0;5;0;0;0;0;0;0;1;0;0;0;0;0;0;0;0;0;0;1;0;0;0;0;0;0;0;0;0;0;1;0;0;0;0;0;0;0;0;0;0;1;0.0;-1.0;0
169;CONBR-92;3;0;3;0;31536000;0;0;0.0;0;5;0;0;0;0;0;0;1;0;0;0;0;0;0;0;0;0;0;1;0;0;0;0;0;0;0;0;0;0;1;0;0;0;0;0;0;0;0;0;0;1;0.0;-1.0;0
170;CONBR-93;3;0;3;21600;31536000;0;0;0.0;0;6;0;0;0;1;0;0;0;0;0;0;0;0;0;0;0;0;0;1;0;0;0;0;0;0;0;0;0;0;1;0;0;0;0;0;0;0;0;0;0;1;170.0;-1.0;0
171;CONBR-93;3;0;4;21600;31536000;3600;0;169172.0;0;6;0;0;0;1;0;0;0;0;0;0;0;0;0;0;0;0;0;1;0;0;0;0;0;0;0;0;0;0;1;0;0;0;0;0;0;0;0;0;0;1;170.0;-1.0;0
172;CONBR-93;3;0;6;21600;31536000;3600;0;695012.0;0;6;0;0;0;1;0;0;0;0;0;0;0;0;0;0;0;0;0;1;0;0;0;0;0;0;0;0;0;0;1;0;0;0;0;0;0;0;0;0;0;1;170.0;-1.0;0
173;CONBR-94;3;0;3;7200;31536000;0;0;0.0;0;4;0;0;0;1;0;0;0;0;0;0;0;0;0;0;0;0;0;1;0;0;0;0;0;0;0;0;0;0;1;0;0;0;0;0;0;0;0;0;0;1;62.0;-1.0;0
174;CONBR-94;3;0;4;7200;31536000;0;0;1207510.0;0;4;0;0;0;1;0;0;0;0;0;0;0;0;0;0;0;0;0;1;0;0;0;0;0;0;0;0;0;0;1;0;0;0;0;0;0;0;0;0;0;1;62.0;-1.0;0
175;CONBR-95;3;0;3;57600;31536000;0;0;0.0;0;7;27;0;0;0;0;0;1;0;0;0;0;0;0;0;0;0;0;1;0;0;0;0;0;0;0;0;0;0;1;0;0;0;0;0;0;0;0;0;0;1;93.0;-1.0;0
176;CONBR-95;3;0;6;57600;31536000;3600;0;1863272.0;0;7;27;0;0;0;0;0;1;0;0;0;0;0;0;0;0;0;0;1;0;0;0;0;0;0;0;0;0;0;1;0;0;0;0;0;0;0;0;0;0;1;93.0;-1.0;0
177;CONBR-96;3;0;3;0;31536000;0;0;0.0;0;4;0;0;0;1;0;0;0;0;0;0;0;0;0;0;0;0;0;1;0;0;0;0;0;0;0;0;0;0;1;0;0;0;0;0;0;0;0;0;0;1;0.0;-1.0;0
178;CONBR-97;3;0;3;7200;31536000;0;0;0.0;0;5;0;0;0;1;0;0;0;0;0;0;0;0;0;0;0;0;0;1;0;0;0;0;0;0;0;0;0;0;1;0;0;0;0;0;0;0;0;0;0;1;50.0;-1.0;0
179;CONBR-97;3;0;4;7200;31536000;0;0;1126397.0;0;5;0;0;0;1;0;0;0;0;0;0;0;0;0;0;0;0;0;1;0;0;0;0;0;0;0;0;0;0;1;0;0;0;0;0;0;0;0;0;0;1;50.0;-1.0;0
180;CONBR-98;1;0;3;0;31536000;0;0;0.0;0;8;0;0;0;1;0;0;0;0;0;0;0;0;0;0;0;0;0;1;0;0;0;0;0;0;0;0;0;0;1;0;0;0;0;0;0;0;0;0;0;1;0.0;-1.0;0
181;CONBR-98;1;0;4;0;31536000;0;0;74244.0;0;8;0;0;0;1;0;0;0;0;0;0;0;0;0;0;0;0;0;1;0;0;0;0;0;0;0;0;0;0;1;0;0;0;0;0;0;0;0;0;0;1;0.0;-1.0;0
182;CONBR-98;1;0;6;0;31536000;0;0;186766.0;0;8;0;0;0;1;0;0;0;0;0;0;0;0;0;0;0;0;0;1;0;0;0;0;0;0;0;0;0;0;1;0;0;0;0;0;0;0;0;0;0;1;0.0;-1.0;0
183;CONBR-99;1;0;3;0;31536000;0;0;0.0;0;8;6;0;0;1;0;0;0;0;0;0;0;0;0;0;0;0;0;1;0;0;0;0;0;0;0;0;0;0;1;0;0;0;0;0;0;0;0;0;0;1;0.0;-1.0;0
184;CONBR-99;1;0;4;0;31536000;0;0;93690.0;0;8;6;0;0;1;0;0;0;0;0;0;0;0;0;0;0;0;0;1;0;0;0;0;0;0;0;0;0;0;1;0;0;0;0;0;0;0;0;0;0;1;0.0;-1.0;0
185;CONBR-99;1;0;6;0;31536000;0;0;186747.0;0;8;6;0;0;1;0;0;0;0;0;0;0;0;0;0;0;0;0;1;0;0;0;0;0;0;0;0;0;0;1;0;0;0;0;0;0;0;0;0;0;1;0.0;-1.0;0
186;CONBR-100;1;0;3;0;31536000;0;0;0.0;0;5;0;0;0;1;0;0;0;0;0;0;0;0;0;0;0;0;0;1;0;0;0;0;0;0;0;0;0;0;1;0;0;0;0;0;0;0;0;0;0;1;0.0;-1.0;0
187;CONBR-100;1;0;4;0;31536000;0;0;93718.0;0;5;0;0;0;1;0;0;0;0;0;0;0;0;0;0;0;0;0;1;0;0;0;0;0;0;0;0;0;0;1;0;0;0;0;0;0;0;0;0;0;1;0.0;-1.0;0
188;CONBR-100;1;0;6;0;31536000;0;0;186730.0;0;5;0;0;0;1;0;0;0;0;0;0;0;0;0;0;0;0;0;1;0;0;0;0;0;0;0;0;0;0;1;0;0;0;0;0;0;0;0;0;0;1;0.0;-1.0;0
189;CONBR-101;1;0;3;0;31536000;0;0;0.0;0;4;0;0;0;1;0;0;0;0;0;0;0;0;0;0;0;0;0;1;0;0;0;0;0;0;0;0;0;0;1;0;0;0;0;0;0;0;0;0;0;1;0.0;-1.0;0
190;CONBR-101;1;0;4;0;31536000;0;0;679872.0;0;4;0;0;0;1;0;0;0;0;0;0;0;0;0;0;0;0;0;1;0;0;0;0;0;0;0;0;0;0;1;0;0;0;0;0;0;0;0;0;0;1;0.0;-1.0;0
191;CONBR-101;1;0;6;0;31536000;0;0;692331.0;0;4;0;0;0;1;0;0;0;0;0;0;0;0;0;0;0;0;0;1;0;0;0;0;0;0;0;0;0;0;1;0;0;0;0;0;0;0;0;0;0;1;0.0;-1.0;0
192;CONBR-102;1;0;3;0;31536000;0;0;0.0;0;6;0;0;0;1;0;0;0;0;0;0;0;0;0;0;0;0;0;1;0;0;0;0;0;0;0;0;0;0;1;0;0;0;0;0;0;0;0;0;0;1;0.0;-1.0;0
193;CONBR-102;1;0;4;0;31536000;2700;0;73160.0;0;6;0;0;0;1;0;0;0;0;0;0;0;0;0;0;0;0;0;1;0;0;0;0;0;0;0;0;0;0;1;0;0;0;0;0;0;0;0;0;0;1;0.0;-1.0;0
194;CONBR-103;1;0;3;0;31536000;0;0;0.0;0;5;0;0;0;1;0;0;0;0;0;0;0;0;0;0;0;0;0;1;0;0;0;0;0;0;0;0;0;0;1;0;0;0;0;0;0;0;0;0;0;1;0.0;-1.0;0
195;CONBR-104;1;0;3;5400;31536000;0;0;0.0;0;5;0;0;0;1;0;0;0;0;0;0;0;0;0;0;0;0;0;1;0;0;0;0;0;0;0;0;0;0;1;0;0;0;0;0;0;0;0;0;0;1;183.0;-1.0;0
196;CONBR-104;1;0;4;5400;31536000;0;0;339681.0;0;5;0;0;0;1;0;0;0;0;0;0;0;0;0;0;0;0;0;1;0;0;0;0;0;0;0;0;0;0;1;0;0;0;0;0;0;0;0;0;0;1;183.0;-1.0;0
197;CONBR-104;1;0;6;5400;31536000;1800;0;778319.0;0;5;0;0;0;1;0;0;0;0;0;0;0;0;0;0;0;0;0;1;0;0;0;0;0;0;0;0;0;0;1;0;0;0;0;0;0;0;0;0;0;1;183.0;-1.0;0
198;CONBR-105;3;0;3;0;31536000;0;0;0.0;0;5;0;0;0;1;0;0;0;0;0;0;0;0;0;0;0;0;0;1;0;0;0;0;0;0;0;0;0;0;1;0;0;0;0;0;0;0;0;0;0;1;0.0;-1.0;0
199;CONBR-105;3;0;4;0;31536000;0;0;7.0;0;5;0;0;0;1;0;0;0;0;0;0;0;0;0;0;0;0;0;1;0;0;0;0;0;0;0;0;0;0;1;0;0;0;0;0;0;0;0;0;0;1;0.0;-1.0;0
200;CONBR-106;3;0;3;7200;31536000;0;0;0.0;0;4;0;0;0;1;0;0;0;0;0;0;0;0;0;0;0;0;0;1;0;0;0;0;0;0;0;0;0;0;1;0;0;0;0;0;0;0;0;0;0;1;100.0;-1.0;0
201;CONBR-106;3;0;4;7200;31536000;0;0;10.0;0;4;0;0;0;1;0;0;0;0;0;0;0;0;0;0;0;0;0;1;0;0;0;0;0;0;0;0;0;0;1;0;0;0;0;0;0;0;0;0;0;1;100.0;-1.0;0
202;CONBR-107;3;0;3;0;31536000;0;0;0.0;0;2;0;0;0;1;0;0;0;0;0;0;0;0;0;0;0;0;0;1;0;0;0;0;0;0;0;0;0;0;1;0;0;0;0;0;0;0;0;0;0;1;0.0;-1.0;0
203;CONBR-107;3;0;4;0;31536000;0;0;14.0;0;2;0;0;0;1;0;0;0;0;0;0;0;0;0;0;0;0;0;1;0;0;0;0;0;0;0;0;0;0;1;0;0;0;0;0;0;0;0;0;0;1;0.0;-1.0;0
204;CONBR-108;1;0;3;0;31536000;0;0;0.0;0;7;1;0;0;0;1;0;0;0;0;0;0;0;0;0;0;0;0;1;0;0;0;0;0;0;0;0;0;0;1;0;0;0;0;0;0;0;0;0;0;1;0.0;-1.0;0
205;CONBR-109;3;0;3;3600;31536000;0;0;0.0;0;5;0;0;0;1;0;0;0;0;0;0;0;0;0;0;0;0;0;1;0;0;0;0;0;0;0;0;0;0;1;0;0;0;0;0;0;0;0;0;0;1;100.0;-1.0;0
206;CONBR-109;3;0;4;3600;31536000;0;0;6.0;0;5;0;0;0;1;0;0;0;0;0;0;0;0;0;0;0;0;0;1;0;0;0;0;0;0;0;0;0;0;1;0;0;0;0;0;0;0;0;0;0;1;100.0;-1.0;0
207;CONBR-110;3;0;3;0;31536000;0;0;0.0;0;2;0;0;0;1;0;0;0;0;0;0;0;0;0;0;0;0;0;1;0;0;0;0;0;0;0;0;0;0;1;0;0;0;0;0;0;0;0;0;0;1;0.0;-1.0;0
208;CONBR-111;3;0;3;7200;31536000;0;0;0.0;0;3;0;0;0;1;0;0;0;0;0;0;0;0;0;0;0;0;0;1;0;0;0;0;0;0;0;0;0;0;1;0;0;0;0;0;0;0;0;0;0;1;0.0;-1.0;0
209;CONBR-111;3;0;6;7200;31536000;0;0;1403.0;0;3;0;0;0;1;0;0;0;0;0;0;0;0;0;0;0;0;0;1;0;0;0;0;0;0;0;0;0;0;1;0;0;0;0;0;0;0;0;0;0;1;0.0;-1.0;0
210;CONBR-112;3;0;3;18000;31536000;0;0;0.0;0;7;25;0;0;0;0;0;1;0;0;0;0;0;0;0;0;0;0;1;0;0;0;0;0;0;0;0;0;0;1;0;0;0;0;0;0;0;0;0;0;1;100.0;-1.0;0
211;CONBR-112;3;0;4;18000;31536000;0;0;2771.0;0;7;25;0;0;0;0;0;1;0;0;0;0;0;0;0;0;0;0;1;0;0;0;0;0;0;0;0;0;0;1;0;0;0;0;0;0;0;0;0;0;1;100.0;-1.0;0
212;CONBR-112;3;0;6;18000;31536000;0;0;19250.0;0;7;25;0;0;0;0;0;1;0;0;0;0;0;0;0;0;0;0;1;0;0;0;0;0;0;0;0;0;0;1;0;0;0;0;0;0;0;0;0;0;1;100.0;-1.0;0
213;CONBR-113;3;0;3;14400;31536000;0;0;0.0;0;4;0;0;0;0;0;0;1;0;0;0;0;0;0;0;0;0;0;1;0;0;0;0;0;0;0;0;0;0;1;0;0;0;0;0;0;0;0;0;0;1;131.0;-1.0;0
214;CONBR-113;3;0;4;14400;31536000;3600;0;1923889.0;0;4;0;0;0;0;0;0;1;0;0;0;0;0;0;0;0;0;0;1;0;0;0;0;0;0;0;0;0;0;1;0;0;0;0;0;0;0;0;0;0;1;131.0;-1.0;0
215;CONBR-113;3;0;6;14400;31536000;3600;0;2178523.0;0;4;0;0;0;0;0;0;1;0;0;0;0;0;0;0;0;0;0;1;0;0;0;0;0;0;0;0;0;0;1;0;0;0;0;0;0;0;0;0;0;1;131.0;-1.0;0
216;CONBR-114;3;0;3;1620;31536000;0;0;0.0;0;2;0;0;0;1;0;0;0;0;0;0;0;0;0;0;0;0;0;1;0;0;0;0;0;0;0;0;0;0;1;0;0;0;0;0;0;0;0;0;0;1;166.0;-1.0;0
217;CONBR-115;2;0;3;14400;31536000;0;0;0.0;0;11;14;0;0;0;1;0;0;0;0;0;0;0;0;0;0;0;0;1;0;0;0;0;0;0;0;0;0;0;1;0;0;0;0;0;0;0;0;0;0;1;100.0;-1.0;0
218;CONBR-115;2;0;4;14400;31536000;0;0;9792.0;0;11;14;0;0;0;1;0;0;0;0;0;0;0;0;0;0;0;0;1;0;0;0;0;0;0;0;0;0;0;1;0;0;0;0;0;0;0;0;0;0;1;100.0;-1.0;0
219;CONBR-115;2;0;6;14400;31536000;0;0;9914.0;0;11;14;0;0;0;1;0;0;0;0;0;0;0;0;0;0;0;0;1;0;0;0;0;0;0;0;0;0;0;1;0;0;0;0;0;0;0;0;0;0;1;100.0;-1.0;0
220;CONBR-116;3;0;3;0;31536000;0;0;0.0;0;5;0;0;0;1;0;0;0;0;0;0;0;0;0;0;0;0;0;1;0;0;0;0;0;0;0;0;0;0;1;0;0;0;0;0;0;0;0;0;0;1;0.0;-1.0;0
221;CONBR-116;3;0;4;0;31536000;0;0;6.0;0;5;0;0;0;1;0;0;0;0;0;0;0;0;0;0;0;0;0;1;0;0;0;0;0;0;0;0;0;0;1;0;0;0;0;0;0;0;0;0;0;1;0.0;-1.0;0
222;CONBR-117;3;0;3;7200;31536000;0;0;0.0;0;4;2;0;0;1;0;0;0;0;0;0;0;0;0;0;0;0;0;1;0;0;0;0;0;0;0;0;0;0;1;0;0;0;0;0;0;0;0;0;0;1;125.0;-1.0;0
223;CONBR-117;3;0;4;7200;31536000;0;0;1532374.0;0;4;2;0;0;1;0;0;0;0;0;0;0;0;0;0;0;0;0;1;0;0;0;0;0;0;0;0;0;0;1;0;0;0;0;0;0;0;0;0;0;1;125.0;-1.0;0
224;CONBR-117;3;0;5;7200;31536000;7200;0;2061108.0;0;4;2;0;0;1;0;0;0;0;0;0;0;0;0;0;0;0;0;1;0;0;0;0;0;0;0;0;0;0;1;0;0;0;0;0;0;0;0;0;0;1;125.0;-1.0;0
225;CONBR-118;3;0;3;0;31536000;0;0;0.0;0;7;1;0;0;0;1;0;0;0;0;0;0;0;0;0;0;0;0;1;0;0;0;0;0;0;0;0;0;0;1;0;0;0;0;0;0;0;0;0;0;1;0.0;-1.0;0
226;CONBR-118;3;0;5;0;31536000;0;0;787539.0;0;7;1;0;0;0;1;0;0;0;0;0;0;0;0;0;0;0;0;1;0;0;0;0;0;0;0;0;0;0;1;0;0;0;0;0;0;0;0;0;0;1;0.0;-1.0;0
227;CONBR-119;3;0;3;0;31536000;0;0;0.0;0;4;50;0;0;0;1;0;0;0;0;0;0;0;0;0;0;0;0;1;0;0;0;0;0;0;0;0;0;0;1;0;0;0;0;0;0;0;0;0;0;1;0.0;-1.0;0
228;CONBR-119;3;0;4;0;31536000;11700;0;5456633.0;0;4;50;0;0;0;1;0;0;0;0;0;0;0;0;0;0;0;0;1;0;0;0;0;0;0;0;0;0;0;1;0;0;0;0;0;0;0;0;0;0;1;0.0;-1.0;0
229;CONBR-119;3;0;5;0;31536000;11700;0;5456635.0;0;4;50;0;0;0;1;0;0;0;0;0;0;0;0;0;0;0;0;1;0;0;0;0;0;0;0;0;0;0;1;0;0;0;0;0;0;0;0;0;0;1;0.0;-1.0;0
230;CONBR-120;3;0;3;0;31536000;0;0;0.0;0;2;0;0;0;1;0;0;0;0;0;0;0;0;0;0;0;0;0;1;0;0;0;0;0;0;0;0;0;0;1;0;0;0;0;0;0;0;0;0;0;1;0.0;-1.0;0
231;CONBR-122;3;0;3;3600;31536000;0;0;0.0;0;3;0;0;0;1;0;0;0;0;0;0;0;0;0;0;0;0;0;1;0;0;0;0;0;0;0;0;0;0;1;0;0;0;0;0;0;0;0;0;0;1;200.0;-1.0;0
232;CONBR-122;3;0;4;3600;31536000;0;0;1469136.0;0;3;0;0;0;1;0;0;0;0;0;0;0;0;0;0;0;0;0;1;0;0;0;0;0;0;0;0;0;0;1;0;0;0;0;0;0;0;0;0;0;1;200.0;-1.0;0
233;CONBR-122;3;0;5;3600;31536000;3600;0;1469581.0;0;3;0;0;0;1;0;0;0;0;0;0;0;0;0;0;0;0;0;1;0;0;0;0;0;0;0;0;0;0;1;0;0;0;0;0;0;0;0;0;0;1;200.0;-1.0;0
234;CONBR-123;3;0;3;10800;31536000;0;0;0.0;0;3;0;0;0;1;0;0;0;0;0;0;0;0;0;0;0;0;0;1;0;0;0;0;0;0;0;0;0;0;1;0;0;0;0;0;0;0;0;0;0;1;225.0;-1.0;0
235;CONBR-123;3;0;4;10800;31536000;0;0;1469129.0;0;3;0;0;0;1;0;0;0;0;0;0;0;0;0;0;0;0;0;1;0;0;0;0;0;0;0;0;0;0;1;0;0;0;0;0;0;0;0;0;0;1;225.0;-1.0;0
236;CONBR-123;3;0;5;10800;31536000;9900;0;1469647.0;0;3;0;0;0;1;0;0;0;0;0;0;0;0;0;0;0;0;0;1;0;0;0;0;0;0;0;0;0;0;1;0;0;0;0;0;0;0;0;0;0;1;225.0;-1.0;0
237;CONBR-124;3;0;3;28800;31536000;0;0;0.0;0;3;0;0;0;1;0;0;0;0;0;0;0;0;0;0;0;0;0;1;0;0;0;0;0;0;0;0;0;0;1;0;0;0;0;0;0;0;0;0;0;1;164.0;-1.0;0
238;CONBR-124;3;0;5;28800;31536000;0;0;2246559.0;0;3;0;0;0;1;0;0;0;0;0;0;0;0;0;0;0;0;0;1;0;0;0;0;0;0;0;0;0;0;1;0;0;0;0;0;0;0;0;0;0;1;164.0;-1.0;0
239;CONBR-124;3;0;4;28800;31536000;900;0;2401724.0;1;3;0;0;0;1;0;0;0;0;0;0;0;0;0;0;0;0;0;1;0;0;0;0;0;0;0;0;0;0;1;0;0;0;0;0;0;0;0;0;0;1;164.0;-1.0;0
240;CONBR-124;3;0;5;28800;31536000;900;0;2673262.0;0;3;0;0;0;1;0;0;0;0;0;0;0;0;0;0;0;0;0;1;0;0;0;0;0;0;0;0;0;0;1;0;0;0;0;0;0;0;0;0;0;1;164.0;-1.0;0
241;CONBR-124;3;0;4;28800;31536000;0;0;2673264.0;1;3;0;0;0;1;0;0;0;0;0;0;0;0;0;0;0;0;0;1;0;0;0;0;0;0;0;0;0;0;1;0;0;0;0;0;0;0;0;0;0;1;164.0;-1.0;0
242;CONBR-124;3;0;6;28800;31536000;900;0;2673269.0;0;3;0;0;0;1;0;0;0;0;0;0;0;0;0;0;0;0;0;1;0;0;0;0;0;0;0;0;0;0;1;0;0;0;0;0;0;0;0;0;0;1;164.0;-1.0;0
243;CONBR-125;3;0;3;0;31536000;0;0;0.0;0;3;0;0;0;1;0;0;0;0;0;0;0;0;0;0;0;0;0;1;0;0;0;0;0;0;0;0;0;0;1;0;0;0;0;0;0;0;0;0;0;1;0.0;-1.0;0
244;CONBR-125;3;0;4;0;31536000;0;0;7.0;0;3;0;0;0;1;0;0;0;0;0;0;0;0;0;0;0;0;0;1;0;0;0;0;0;0;0;0;0;0;1;0;0;0;0;0;0;0;0;0;0;1;0.0;-1.0;0
245;CONBR-126;3;0;3;0;31536000;0;0;0.0;0;1;0;0;0;1;0;0;0;0;0;0;0;0;0;0;0;0;0;1;0;0;0;0;0;0;0;0;0;0;1;0;0;0;0;0;0;0;0;0;0;1;0.0;-1.0;0
246;CONBR-126;3;0;4;0;31536000;0;0;5.0;0;1;0;0;0;1;0;0;0;0;0;0;0;0;0;0;0;0;0;1;0;0;0;0;0;0;0;0;0;0;1;0;0;0;0;0;0;0;0;0;0;1;0.0;-1.0;0
247;CONBR-127;3;0;3;0;31536000;0;0;0.0;0;8;18;0;0;0;1;0;0;0;0;0;0;0;0;0;0;0;0;1;0;0;0;0;0;0;0;0;0;0;1;0;0;0;0;0;0;0;0;0;0;1;0.0;-1.0;0
248;CONBR-127;3;0;5;0;31536000;1800;0;5688.0;0;8;18;0;0;0;1;0;0;0;0;0;0;0;0;0;0;0;0;1;0;0;0;0;0;0;0;0;0;0;1;0;0;0;0;0;0;0;0;0;0;1;0.0;-1.0;0
249;CONBR-128;3;0;3;0;31536000;0;0;0.0;0;6;19;0;0;0;1;0;0;0;0;0;0;0;0;0;0;0;0;1;0;0;0;0;0;0;0;0;0;0;1;0;0;0;0;0;0;0;0;0;0;1;0.0;-1.0;0
250;CONBR-128;3;0;5;0;31536000;3600;0;5606.0;0;6;19;0;0;0;1;0;0;0;0;0;0;0;0;0;0;0;0;1;0;0;0;0;0;0;0;0;0;0;1;0;0;0;0;0;0;0;0;0;0;1;0.0;-1.0;0
251;CONBR-129;3;0;3;0;31536000;0;0;0.0;0;3;0;0;0;1;0;0;0;0;0;0;0;0;0;0;0;0;0;1;0;0;0;0;0;0;0;0;0;0;1;0;0;0;0;0;0;0;0;0;0;1;0.0;-1.0;0
252;CONBR-131;3;0;3;0;31536000;0;0;0.0;0;2;0;0;0;1;0;0;0;0;0;0;0;0;0;0;0;0;0;1;0;0;0;0;0;0;0;0;0;0;1;0;0;0;0;0;0;0;0;0;0;1;0.0;-1.0;0
253;CONBR-132;3;0;3;0;31536000;0;0;0.0;0;3;39;0;0;1;0;0;0;0;0;0;0;0;0;0;0;0;0;1;0;0;0;0;0;0;0;0;0;0;1;0;0;0;0;0;0;0;0;0;0;1;0.0;-1.0;0
254;CONBR-132;3;0;4;0;31536000;0;0;546.0;0;3;39;0;0;1;0;0;0;0;0;0;0;0;0;0;0;0;0;1;0;0;0;0;0;0;0;0;0;0;1;0;0;0;0;0;0;0;0;0;0;1;0.0;-1.0;0
255;CONBR-132;3;0;5;0;31536000;7200;0;4298370.0;0;3;39;0;0;1;0;0;0;0;0;0;0;0;0;0;0;0;0;1;0;0;0;0;0;0;0;0;0;0;1;0;0;0;0;0;0;0;0;0;0;1;0.0;-1.0;0
256;CONBR-133;3;0;3;0;31536000;0;0;0.0;0;5;0;0;0;1;0;0;0;0;0;0;0;0;0;0;0;0;0;1;0;0;0;0;0;0;0;0;0;0;1;0;0;0;0;0;0;0;0;0;0;1;0.0;-1.0;0
257;CONBR-133;3;0;4;0;31536000;0;0;3.0;0;5;0;0;0;1;0;0;0;0;0;0;0;0;0;0;0;0;0;1;0;0;0;0;0;0;0;0;0;0;1;0;0;0;0;0;0;0;0;0;0;1;0.0;-1.0;0
258;CONBR-134;3;0;3;0;31536000;0;0;0.0;0;6;0;0;0;1;0;0;0;0;0;0;0;0;0;0;0;0;0;1;0;0;0;0;0;0;0;0;0;0;1;0;0;0;0;0;0;0;0;0;0;1;0.0;-1.0;0
259;CONBR-134;3;0;4;0;31536000;0;0;2169105.0;0;6;0;0;0;1;0;0;0;0;0;0;0;0;0;0;0;0;0;1;0;0;0;0;0;0;0;0;0;0;1;0;0;0;0;0;0;0;0;0;0;1;0.0;-1.0;0
260;CONBR-135;3;0;3;0;31536000;0;0;0.0;0;3;0;0;0;1;0;0;0;0;0;0;0;0;0;0;0;0;0;1;0;0;0;0;0;0;0;0;0;0;1;0;0;0;0;0;0;0;0;0;0;1;0.0;-1.0;0
261;CONBR-136;3;0;3;0;31536000;0;0;0.0;0;5;0;0;0;1;0;0;0;0;0;0;0;0;0;0;0;0;0;1;0;0;0;0;0;0;0;0;0;0;1;0;0;0;0;0;0;0;0;0;0;1;0.0;-1.0;0
262;CONBR-136;3;0;4;0;31536000;0;0;3.0;0;5;0;0;0;1;0;0;0;0;0;0;0;0;0;0;0;0;0;1;0;0;0;0;0;0;0;0;0;0;1;0;0;0;0;0;0;0;0;0;0;1;0.0;-1.0;0
263;CONBR-138;3;0;3;0;31536000;0;0;0.0;0;4;0;0;0;0;1;0;0;0;0;0;0;0;0;0;0;0;0;1;0;0;0;0;0;0;0;0;0;0;1;0;0;0;0;0;0;0;0;0;0;1;0.0;-1.0;0
264;CONBR-138;3;0;4;0;31536000;1800;0;1104.0;0;4;0;0;0;0;1;0;0;0;0;0;0;0;0;0;0;0;0;1;0;0;0;0;0;0;0;0;0;0;1;0;0;0;0;0;0;0;0;0;0;1;0.0;-1.0;0
265;CONBR-139;3;0;3;0;31536000;0;0;0.0;0;2;0;0;0;1;0;0;0;0;0;0;0;0;0;0;0;0;0;1;0;0;0;0;0;0;0;0;0;0;1;0;0;0;0;0;0;0;0;0;0;1;0.0;-1.0;0
266;CONBR-140;3;0;3;0;31536000;0;0;0.0;0;9;16;0;0;1;0;0;0;0;0;0;0;0;0;0;0;0;0;1;0;0;0;0;0;0;0;0;0;0;1;0;0;0;0;0;0;0;0;0;0;1;0.0;-1.0;0
267;CONBR-141;3;0;3;0;31536000;0;0;0.0;0;5;0;0;0;1;0;0;0;0;0;0;0;0;0;0;0;0;0;1;0;0;0;0;0;0;0;0;0;0;1;0;0;0;0;0;0;0;0;0;0;1;0.0;-1.0;0
268;CONBR-141;3;0;4;0;31536000;0;0;412005.0;0;5;0;0;0;1;0;0;0;0;0;0;0;0;0;0;0;0;0;1;0;0;0;0;0;0;0;0;0;0;1;0;0;0;0;0;0;0;0;0;0;1;0.0;-1.0;0
269;CONBR-141;3;0;5;0;31536000;0;0;418215.0;0;5;0;0;0;1;0;0;0;0;0;0;0;0;0;0;0;0;0;1;0;0;0;0;0;0;0;0;0;0;1;0;0;0;0;0;0;0;0;0;0;1;0.0;-1.0;0
270;CONBR-141;3;0;4;0;31536000;0;0;418217.0;1;5;0;0;0;1;0;0;0;0;0;0;0;0;0;0;0;0;0;1;0;0;0;0;0;0;0;0;0;0;1;0;0;0;0;0;0;0;0;0;0;1;0.0;-1.0;0
271;CONBR-141;3;0;6;0;31536000;0;0;418221.0;0;5;0;0;0;1;0;0;0;0;0;0;0;0;0;0;0;0;0;1;0;0;0;0;0;0;0;0;0;0;1;0;0;0;0;0;0;0;0;0;0;1;0.0;-1.0;0
272;CONBR-142;3;0;3;0;31536000;0;0;0.0;0;3;5;0;0;1;0;0;0;0;0;0;0;0;0;0;0;0;0;1;0;0;0;0;0;0;0;0;0;0;1;0;0;0;0;0;0;0;0;0;0;1;0.0;-1.0;0
273;CONBR-143;3;0;3;0;31536000;0;0;0.0;0;6;0;0;0;0;1;0;0;0;0;0;0;0;0;0;0;0;0;1;0;0;0;0;0;0;0;0;0;0;1;0;0;0;0;0;0;0;0;0;0;1;0.0;-1.0;0
274;CONBR-144;3;0;3;0;31536000;0;0;0.0;0;6;0;0;0;0;1;0;0;0;0;0;0;0;0;0;0;0;0;1;0;0;0;0;0;0;0;0;0;0;1;0;0;0;0;0;0;0;0;0;0;1;0.0;-1.0;0
275;CONBR-144;3;0;4;0;31536000;0;0;57148.0;0;6;0;0;0;0;1;0;0;0;0;0;0;0;0;0;0;0;0;1;0;0;0;0;0;0;0;0;0;0;1;0;0;0;0;0;0;0;0;0;0;1;0.0;-1.0;0
276;CONBR-144;3;0;6;0;31536000;3600;0;151454.0;0;6;0;0;0;0;1;0;0;0;0;0;0;0;0;0;0;0;0;1;0;0;0;0;0;0;0;0;0;0;1;0;0;0;0;0;0;0;0;0;0;1;0.0;-1.0;0
277;CONBR-145;3;0;3;0;31536000;0;0;0.0;0;13;0;0;0;1;0;0;0;0;0;0;0;0;0;0;0;0;0;1;0;0;0;0;0;0;0;0;0;0;1;0;0;0;0;0;0;0;0;0;0;1;0.0;-1.0;0
278;CONBR-146;3;0;3;0;31536000;0;0;0.0;0;5;0;0;0;1;0;0;0;0;0;0;0;0;0;0;0;0;0;1;0;0;0;0;0;0;0;0;0;0;1;0;0;0;0;0;0;0;0;0;0;1;0.0;-1.0;0
279;CONBR-147;3;0;3;0;31536000;0;0;0.0;0;7;10;0;0;1;0;0;0;0;0;0;0;0;0;0;0;0;0;1;0;0;0;0;0;0;0;0;0;0;1;0;0;0;0;0;0;0;0;0;0;1;0.0;-1.0;0
280;CONBR-147;3;0;4;0;31536000;0;0;258121.0;0;7;10;0;0;1;0;0;0;0;0;0;0;0;0;0;0;0;0;1;0;0;0;0;0;0;0;0;0;0;1;0;0;0;0;0;0;0;0;0;0;1;0.0;-1.0;0
281;CONBR-148;3;0;3;0;31536000;0;0;0.0;0;8;0;0;0;1;0;0;0;0;0;0;0;0;0;0;0;0;0;1;0;0;0;0;0;0;0;0;0;0;1;0;0;0;0;0;0;0;0;0;0;1;0.0;-1.0;0
282;CONBR-149;3;0;3;0;31536000;0;0;0.0;0;3;0;0;0;1;0;0;0;0;0;0;0;0;0;0;0;0;0;1;0;0;0;0;0;0;0;0;0;0;1;0;0;0;0;0;0;0;0;0;0;1;0.0;-1.0;0
283;CONBR-150;3;0;3;0;31536000;0;0;0.0;0;6;0;0;0;0;1;0;0;0;0;0;0;0;0;0;0;0;0;1;0;0;0;0;0;0;0;0;0;0;1;0;0;0;0;0;0;0;0;0;0;1;0.0;-1.0;0
284;CONBR-151;3;0;3;5400;31536000;0;0;0.0;0;6;20;0;0;1;0;0;0;0;0;0;0;0;0;0;0;0;0;1;0;0;0;0;0;0;0;0;0;0;1;0;0;0;0;0;0;0;0;0;0;1;283.0;-1.0;0
285;CONBR-151;3;0;4;5400;31536000;0;0;93.0;0;6;20;0;0;1;0;0;0;0;0;0;0;0;0;0;0;0;0;1;0;0;0;0;0;0;0;0;0;0;1;0;0;0;0;0;0;0;0;0;0;1;283.0;-1.0;0
286;CONBR-151;3;0;5;5400;31536000;15300;0;80971.0;0;6;20;0;0;1;0;0;0;0;0;0;0;0;0;0;0;0;0;1;0;0;0;0;0;0;0;0;0;0;1;0;0;0;0;0;0;0;0;0;0;1;283.0;-1.0;0
287;CONBR-152;3;0;3;3600;31536000;0;0;0.0;0;2;13;0;0;1;0;0;0;0;0;0;0;0;0;0;0;0;0;1;0;0;0;0;0;0;0;0;0;0;1;0;0;0;0;0;0;0;0;0;0;1;0.0;-1.0;0
288;CONBR-152;3;0;4;3600;31536000;0;0;80780.0;0;2;13;0;0;1;0;0;0;0;0;0;0;0;0;0;0;0;0;1;0;0;0;0;0;0;0;0;0;0;1;0;0;0;0;0;0;0;0;0;0;1;0.0;-1.0;0
289;CONBR-152;3;0;5;3600;31536000;0;0;84647.0;0;2;13;0;0;1;0;0;0;0;0;0;0;0;0;0;0;0;0;1;0;0;0;0;0;0;0;0;0;0;1;0;0;0;0;0;0;0;0;0;0;1;0.0;-1.0;0
290;CONBR-153;3;0;3;1800;31536000;0;0;0.0;0;6;10;0;0;0;1;0;0;0;0;0;0;0;0;0;0;0;0;1;0;0;0;0;0;0;0;0;0;0;1;0;0;0;0;0;0;0;0;0;0;1;100.0;-1.0;1
291;CONBR-153;3;0;4;1800;31536000;0;0;4.0;0;6;10;0;0;0;1;0;0;0;0;0;0;0;0;0;0;0;0;1;0;0;0;0;0;0;0;0;0;0;1;0;0;0;0;0;0;0;0;0;0;1;100.0;-1.0;1
292;CONBR-153;3;0;5;1800;31536000;1800;0;44.0;0;6;10;0;0;0;1;0;0;0;0;0;0;0;0;0;0;0;0;1;0;0;0;0;0;0;0;0;0;0;1;0;0;0;0;0;0;0;0;0;0;1;100.0;-1.0;1
293;CONBR-153;3;0;3;1800;31536000;0;0;69.0;1;6;10;0;0;0;1;0;0;0;0;0;0;0;0;0;0;0;0;1;0;0;0;0;0;0;0;0;0;0;1;0;0;0;0;0;0;0;0;0;0;1;100.0;-1.0;1
294;CONBR-154;3;0;3;0;31536000;0;0;0.0;0;6;0;0;0;0;1;0;0;0;0;0;0;0;0;0;0;0;0;1;0;0;0;0;0;0;0;0;0;0;1;0;0;0;0;0;0;0;0;0;0;1;0.0;-1.0;0
295;CONBR-154;3;0;4;0;31536000;0;0;405230.0;0;6;0;0;0;0;1;0;0;0;0;0;0;0;0;0;0;0;0;1;0;0;0;0;0;0;0;0;0;0;1;0;0;0;0;0;0;0;0;0;0;1;0.0;-1.0;0
296;CONBR-154;3;0;5;0;31536000;8100;0;424958.0;0;6;0;0;0;0;1;0;0;0;0;0;0;0;0;0;0;0;0;1;0;0;0;0;0;0;0;0;0;0;1;0;0;0;0;0;0;0;0;0;0;1;0.0;-1.0;0
297;CONBR-154;3;0;3;0;31536000;0;0;922423.0;1;6;0;0;0;0;1;0;0;0;0;0;0;0;0;0;0;0;0;1;0;0;0;0;0;0;0;0;0;0;1;0;0;0;0;0;0;0;0;0;0;1;0.0;-1.0;0
298;CONBR-154;3;0;4;0;31536000;0;0;1782933.0;1;6;0;0;0;0;1;0;0;0;0;0;0;0;0;0;0;0;0;1;0;0;0;0;0;0;0;0;0;0;1;0;0;0;0;0;0;0;0;0;0;1;0.0;-1.0;0
299;CONBR-154;3;0;6;0;31536000;8100;0;1898798.0;0;6;0;0;0;0;1;0;0;0;0;0;0;0;0;0;0;0;0;1;0;0;0;0;0;0;0;0;0;0;1;0;0;0;0;0;0;0;0;0;0;1;0.0;-1.0;0
300;CONBR-155;3;0;3;0;31536000;0;0;0.0;0;6;10;0;0;0;1;0;0;0;0;0;0;0;0;0;0;0;0;1;0;0;0;0;0;0;0;0;0;0;1;0;0;0;0;0;0;0;0;0;0;1;0.0;-1.0;0
301;CONBR-155;3;0;4;0;31536000;0;0;948395.0;0;6;10;0;0;0;1;0;0;0;0;0;0;0;0;0;0;0;0;1;0;0;0;0;0;0;0;0;0;0;1;0;0;0;0;0;0;0;0;0;0;1;0.0;-1.0;0
302;CONBR-155;3;0;5;0;31536000;900;0;3540046.0;0;6;10;0;0;0;1;0;0;0;0;0;0;0;0;0;0;0;0;1;0;0;0;0;0;0;0;0;0;0;1;0;0;0;0;0;0;0;0;0;0;1;0.0;-1.0;0
303;CONBR-156;3;0;3;3600;31536000;0;0;0.0;0;5;0;0;0;1;0;0;0;0;0;0;0;0;0;0;0;0;0;1;0;0;0;0;0;0;0;0;0;0;1;0;0;0;0;0;0;0;0;0;0;1;100.0;-1.0;0
304;CONBR-156;3;0;4;3600;31536000;0;0;1206336.0;0;5;0;0;0;1;0;0;0;0;0;0;0;0;0;0;0;0;0;1;0;0;0;0;0;0;0;0;0;0;1;0;0;0;0;0;0;0;0;0;0;1;100.0;-1.0;0
305;CONBR-156;3;0;5;3600;31536000;3600;0;1208928.0;0;5;0;0;0;1;0;0;0;0;0;0;0;0;0;0;0;0;0;1;0;0;0;0;0;0;0;0;0;0;1;0;0;0;0;0;0;0;0;0;0;1;100.0;-1.0;0
306;CONBR-157;3;0;3;3600;31536000;0;0;0.0;0;8;0;0;0;1;0;0;0;0;0;0;0;0;0;0;0;0;0;1;0;0;0;0;0;0;0;0;0;0;1;0;0;0;0;0;0;0;0;0;0;1;50.0;-1.0;0
307;CONBR-157;3;0;4;3600;31536000;0;0;1206322.0;0;8;0;0;0;1;0;0;0;0;0;0;0;0;0;0;0;0;0;1;0;0;0;0;0;0;0;0;0;0;1;0;0;0;0;0;0;0;0;0;0;1;50.0;-1.0;0
308;CONBR-157;3;0;5;3600;31536000;1800;0;1208931.0;0;8;0;0;0;1;0;0;0;0;0;0;0;0;0;0;0;0;0;1;0;0;0;0;0;0;0;0;0;0;1;0;0;0;0;0;0;0;0;0;0;1;50.0;-1.0;0
309;CONBR-158;3;0;3;10800;31536000;0;0;0.0;0;7;13;0;0;1;0;0;0;0;0;0;0;0;0;0;0;0;0;1;0;0;0;0;0;0;0;0;0;0;1;0;0;0;0;0;0;0;0;0;0;1;175.0;-1.0;0
310;CONBR-158;3;0;4;10800;31536000;0;0;1379967.0;0;7;13;0;0;1;0;0;0;0;0;0;0;0;0;0;0;0;0;1;0;0;0;0;0;0;0;0;0;0;1;0;0;0;0;0;0;0;0;0;0;1;175.0;-1.0;0
311;CONBR-158;3;0;5;10800;31536000;9900;0;1391587.0;0;7;13;0;0;1;0;0;0;0;0;0;0;0;0;0;0;0;0;1;0;0;0;0;0;0;0;0;0;0;1;0;0;0;0;0;0;0;0;0;0;1;175.0;-1.0;0
312;CONBR-159;3;0;3;1800;31536000;0;0;0.0;0;3;0;0;0;1;0;0;0;0;0;0;0;0;0;0;0;0;0;1;0;0;0;0;0;0;0;0;0;0;1;0;0;0;0;0;0;0;0;0;0;1;300.0;-1.0;0
313;CONBR-159;3;0;4;1800;31536000;0;0;1393053.0;0;3;0;0;0;1;0;0;0;0;0;0;0;0;0;0;0;0;0;1;0;0;0;0;0;0;0;0;0;0;1;0;0;0;0;0;0;0;0;0;0;1;300.0;-1.0;0
314;CONBR-160;3;0;3;1800;31536000;0;0;0.0;0;6;0;0;0;1;0;0;0;0;0;0;0;0;0;0;0;0;0;1;0;0;0;0;0;0;0;0;0;0;1;0;0;0;0;0;0;0;0;0;0;1;150.0;-1.0;0
315;CONBR-160;3;0;4;1800;31536000;0;0;1226700.0;0;6;0;0;0;1;0;0;0;0;0;0;0;0;0;0;0;0;0;1;0;0;0;0;0;0;0;0;0;0;1;0;0;0;0;0;0;0;0;0;0;1;150.0;-1.0;0
316;CONBR-160;3;0;5;1800;31536000;1800;0;1227758.0;0;6;0;0;0;1;0;0;0;0;0;0;0;0;0;0;0;0;0;1;0;0;0;0;0;0;0;0;0;0;1;0;0;0;0;0;0;0;0;0;0;1;150.0;-1.0;0
317;CONBR-160;3;0;4;1800;31536000;0;0;1227760.0;1;6;0;0;0;1;0;0;0;0;0;0;0;0;0;0;0;0;0;1;0;0;0;0;0;0;0;0;0;0;1;0;0;0;0;0;0;0;0;0;0;1;150.0;-1.0;0
318;CONBR-160;3;0;6;1800;31536000;1800;0;1227765.0;0;6;0;0;0;1;0;0;0;0;0;0;0;0;0;0;0;0;0;1;0;0;0;0;0;0;0;0;0;0;1;0;0;0;0;0;0;0;0;0;0;1;150.0;-1.0;0
319;CONBR-161;3;0;3;0;31536000;0;0;0.0;0;9;0;0;0;0;1;0;0;0;0;0;0;0;0;0;0;0;0;1;0;0;0;0;0;0;0;0;0;0;1;0;0;0;0;0;0;0;0;0;0;1;0.0;-1.0;0
320;CONBR-161;3;0;4;0;31536000;0;0;1109288.0;0;9;0;0;0;0;1;0;0;0;0;0;0;0;0;0;0;0;0;1;0;0;0;0;0;0;0;0;0;0;1;0;0;0;0;0;0;0;0;0;0;1;0.0;-1.0;0
321;CONBR-162;3;0;3;1800;31536000;0;0;0.0;0;4;0;0;0;1;0;0;0;0;0;0;0;0;0;0;0;0;0;1;0;0;0;0;0;0;0;0;0;0;1;0;0;0;0;0;0;0;0;0;0;1;50.0;-1.0;0
322;CONBR-162;3;0;4;1800;31536000;0;0;38.0;0;4;0;0;0;1;0;0;0;0;0;0;0;0;0;0;0;0;0;1;0;0;0;0;0;0;0;0;0;0;1;0;0;0;0;0;0;0;0;0;0;1;50.0;-1.0;0
323;CONBR-162;3;0;5;1800;31536000;0;0;41.0;0;4;0;0;0;1;0;0;0;0;0;0;0;0;0;0;0;0;0;1;0;0;0;0;0;0;0;0;0;0;1;0;0;0;0;0;0;0;0;0;0;1;50.0;-1.0;0
324;CONBR-163;3;0;3;900;31536000;0;0;0.0;0;3;0;0;0;1;0;0;0;0;0;0;0;0;0;0;0;0;0;1;0;0;0;0;0;0;0;0;0;0;1;0;0;0;0;0;0;0;0;0;0;1;100.0;-1.0;0
325;CONBR-163;3;0;4;900;31536000;0;0;4.0;0;3;0;0;0;1;0;0;0;0;0;0;0;0;0;0;0;0;0;1;0;0;0;0;0;0;0;0;0;0;1;0;0;0;0;0;0;0;0;0;0;1;100.0;-1.0;0
326;CONBR-164;3;0;3;0;31536000;0;0;0.0;0;3;0;0;0;1;0;0;0;0;0;0;0;0;0;0;0;0;0;1;0;0;0;0;0;0;0;0;0;0;1;0;0;0;0;0;0;0;0;0;0;1;0.0;-1.0;0
327;CONBR-165;3;0;3;0;31536000;0;0;0.0;0;2;0;0;0;1;0;0;0;0;0;0;0;0;0;0;0;0;0;1;0;0;0;0;0;0;0;0;0;0;1;0;0;0;0;0;0;0;0;0;0;1;0.0;-1.0;1
328;CONBR-167;3;0;3;3600;31536000;0;0;0.0;0;7;17;0;0;1;0;0;0;0;0;0;0;0;0;0;0;0;0;1;0;0;0;0;0;0;0;0;0;0;1;0;0;0;0;0;0;0;0;0;0;1;250.0;-1.0;0
329;CONBR-167;3;0;4;3600;31536000;0;0;1299785.0;0;7;17;0;0;1;0;0;0;0;0;0;0;0;0;0;0;0;0;1;0;0;0;0;0;0;0;0;0;0;1;0;0;0;0;0;0;0;0;0;0;1;250.0;-1.0;0
330;CONBR-167;3;0;5;3600;31536000;1800;0;1376217.0;0;7;17;0;0;1;0;0;0;0;0;0;0;0;0;0;0;0;0;1;0;0;0;0;0;0;0;0;0;0;1;0;0;0;0;0;0;0;0;0;0;1;250.0;-1.0;0
331;CONBR-168;3;0;3;10800;31536000;0;0;0.0;0;11;0;0;0;1;0;0;0;0;0;0;0;0;0;0;0;0;0;1;0;0;0;0;0;0;0;0;0;0;1;0;0;0;0;0;0;0;0;0;0;1;100.0;-1.0;0
332;CONBR-168;3;0;4;10800;31536000;0;0;1305582.0;0;11;0;0;0;1;0;0;0;0;0;0;0;0;0;0;0;0;0;1;0;0;0;0;0;0;0;0;0;0;1;0;0;0;0;0;0;0;0;0;0;1;100.0;-1.0;0
333;CONBR-168;3;0;5;10800;31536000;4500;0;1376169.0;0;11;0;0;0;1;0;0;0;0;0;0;0;0;0;0;0;0;0;1;0;0;0;0;0;0;0;0;0;0;1;0;0;0;0;0;0;0;0;0;0;1;100.0;-1.0;0
334;CONBR-170;3;0;3;3600;31536000;0;0;0.0;0;3;0;0;0;1;0;0;0;0;0;0;0;0;0;0;0;0;0;1;0;0;0;0;0;0;0;0;0;0;1;0;0;0;0;0;0;0;0;0;0;1;100.0;-1.0;0
335;CONBR-169;3;0;3;3600;31536000;0;0;0.0;0;2;0;0;0;1;0;0;0;0;0;0;0;0;0;0;0;0;0;1;0;0;0;0;0;0;0;0;0;0;1;0;0;0;0;0;0;0;0;0;0;1;75.0;-1.0;0
336;CONBR-171;3;0;3;1800;31536000;0;0;0.0;0;4;0;0;0;1;0;0;0;0;0;0;0;0;0;0;0;0;0;1;0;0;0;0;0;0;0;0;0;0;1;0;0;0;0;0;0;0;0;0;0;1;100.0;-1.0;0
337;CONBR-171;3;0;4;1800;31536000;0;0;2.0;0;4;0;0;0;1;0;0;0;0;0;0;0;0;0;0;0;0;0;1;0;0;0;0;0;0;0;0;0;0;1;0;0;0;0;0;0;0;0;0;0;1;100.0;-1.0;0
338;CONBR-172;3;0;3;3600;31536000;0;0;0.0;0;3;0;0;0;1;0;0;0;0;0;0;0;0;0;0;0;0;0;1;0;0;0;0;0;0;0;0;0;0;1;0;0;0;0;0;0;0;0;0;0;1;100.0;-1.0;0
339;CONBR-172;3;0;4;3600;31536000;0;0;4.0;0;3;0;0;0;1;0;0;0;0;0;0;0;0;0;0;0;0;0;1;0;0;0;0;0;0;0;0;0;0;1;0;0;0;0;0;0;0;0;0;0;1;100.0;-1.0;0
340;CONBR-173;3;0;3;14400;31536000;0;0;0.0;0;5;0;0;0;1;0;0;0;0;0;0;0;0;0;0;0;0;0;1;0;0;0;0;0;0;0;0;0;0;1;0;0;0;0;0;0;0;0;0;0;1;100.0;-1.0;0
341;CONBR-173;3;0;4;14400;31536000;0;0;748824.0;0;5;0;0;0;1;0;0;0;0;0;0;0;0;0;0;0;0;0;1;0;0;0;0;0;0;0;0;0;0;1;0;0;0;0;0;0;0;0;0;0;1;100.0;-1.0;0
342;CONBR-173;3;0;5;14400;31536000;9900;0;1367241.0;0;5;0;0;0;1;0;0;0;0;0;0;0;0;0;0;0;0;0;1;0;0;0;0;0;0;0;0;0;0;1;0;0;0;0;0;0;0;0;0;0;1;100.0;-1.0;0
343;CONBR-174;3;0;3;14400;31536000;0;0;0.0;0;5;0;0;0;1;0;0;0;0;0;0;0;0;0;0;0;0;0;1;0;0;0;0;0;0;0;0;0;0;1;0;0;0;0;0;0;0;0;0;0;1;100.0;-1.0;0
344;CONBR-174;3;0;4;14400;31536000;0;0;662056.0;0;5;0;0;0;1;0;0;0;0;0;0;0;0;0;0;0;0;0;1;0;0;0;0;0;0;0;0;0;0;1;0;0;0;0;0;0;0;0;0;0;1;100.0;-1.0;0
345;CONBR-174;3;0;5;14400;31536000;9000;0;1367226.0;0;5;0;0;0;1;0;0;0;0;0;0;0;0;0;0;0;0;0;1;0;0;0;0;0;0;0;0;0;0;1;0;0;0;0;0;0;0;0;0;0;1;100.0;-1.0;0
346;CONBR-175;3;0;3;28800;31536000;0;0;0.0;0;10;0;0;0;1;0;0;0;0;0;0;0;0;0;0;0;0;0;1;0;0;0;0;0;0;0;0;0;0;1;0;0;0;0;0;0;0;0;0;0;1;100.0;-1.0;0
347;CONBR-175;3;0;4;28800;31536000;0;0;1295119.0;0;10;0;0;0;1;0;0;0;0;0;0;0;0;0;0;0;0;0;1;0;0;0;0;0;0;0;0;0;0;1;0;0;0;0;0;0;0;0;0;0;1;100.0;-1.0;0
348;CONBR-175;3;0;6;28800;31536000;19800;0;1367214.0;0;10;0;0;0;1;0;0;0;0;0;0;0;0;0;0;0;0;0;1;0;0;0;0;0;0;0;0;0;0;1;0;0;0;0;0;0;0;0;0;0;1;100.0;-1.0;0
349;CONBR-176;3;0;3;0;31536000;0;0;0.0;0;5;0;0;0;0;1;0;0;0;0;0;0;0;0;0;0;0;0;1;0;0;0;0;0;0;0;0;0;0;1;0;0;0;0;0;0;0;0;0;0;1;0.0;-1.0;0
350;CONBR-177;3;0;3;0;31536000;0;0;0.0;0;2;0;0;0;1;0;0;0;0;0;0;0;0;0;0;0;0;0;1;0;0;0;0;0;0;0;0;0;0;1;0;0;0;0;0;0;0;0;0;0;1;0.0;-1.0;0
351;CONBR-178;3;0;3;14400;31536000;0;0;0.0;0;3;29;0;0;1;0;0;0;0;0;0;0;0;0;0;0;0;0;1;0;0;0;0;0;0;0;0;0;0;1;0;0;0;0;0;0;0;0;0;0;1;97.0;-1.0;0
352;CONBR-178;3;0;4;14400;31536000;0;0;514989.0;0;3;29;0;0;1;0;0;0;0;0;0;0;0;0;0;0;0;0;1;0;0;0;0;0;0;0;0;0;0;1;0;0;0;0;0;0;0;0;0;0;1;97.0;-1.0;0
353;CONBR-178;3;0;6;14400;31536000;0;0;521903.0;0;3;29;0;0;1;0;0;0;0;0;0;0;0;0;0;0;0;0;1;0;0;0;0;0;0;0;0;0;0;1;0;0;0;0;0;0;0;0;0;0;1;97.0;-1.0;0
354;CONBR-178;3;0;12;14400;31536000;12600;0;666508.0;0;3;29;0;0;1;0;0;0;0;0;0;0;0;0;0;0;0;0;1;0;0;0;0;0;0;0;0;0;0;1;0;0;0;0;0;0;0;0;0;0;1;97.0;-1.0;0
